userId,productId,weight
02d4a965-af47-4b66-b2f5-fc1380b0a86f,DES_106,5.0
02d4a965-af47-4b66-b2f5-fc1380b0a86f,DES_167,5.0
02d4a965-af47-4b66-b2f5-fc1380b0a86f,DES_43,3.0
02d4a965-af47-4b66-b2f5-fc1380b0a86f,DES_84,5.0
032aa3cc-69fd-47bd-917c-a2dfa3687e8c,DES_110,5.0
032aa3cc-69fd-47bd-917c-a2dfa3687e8c,DES_5,5.0
06cc326f-90bc-4a16-b553-bd6d54fcc17b,FIX_86,2.0
06d0444f-9941-436e-8bf9-d76295bd4711,DES_12,5.0
06d0444f-9941-436e-8bf9-d76295bd4711,DES_135,5.0
06d0444f-9941-436e-8bf9-d76295bd4711,DES_188,3.0
06d0444f-9941-436e-8bf9-d76295bd4711,DES_194,2.0
06d0444f-9941-436e-8bf9-d76295bd4711,DES_64,2.0
06d0444f-9941-436e-8bf9-d76295bd4711,DES_76,5.0
06d0444f-9941-436e-8bf9-d76295bd4711,FIX_36,5.0
06d0444f-9941-436e-8bf9-d76295bd4711,FIX_58,5.0
06d0444f-9941-436e-8bf9-d76295bd4711,FIX_8,5.0
06d0444f-9941-436e-8bf9-d76295bd4711,FIX_80,5.0
06d0444f-9941-436e-8bf9-d76295bd4711,FIX_99,5.0
07c44e84-c819-4979-baf5-de700fec9af1,DES_103,2.0
07c44e84-c819-4979-baf5-de700fec9af1,DES_135,5.0
07c44e84-c819-4979-baf5-de700fec9af1,FIX_20,5.0
07c44e84-c819-4979-baf5-de700fec9af1,FIX_36,3.0
09afee19-8a92-4b58-8531-634db48fd3f2,DES_14,5.0
09afee19-8a92-4b58-8531-634db48fd3f2,DES_142,5.0
09afee19-8a92-4b58-8531-634db48fd3f2,FIX_34,5.0
09e599d0-60e4-4453-be8b-148983228f41,DES_68,5.0
09e599d0-60e4-4453-be8b-148983228f41,DES_73,5.0
0a4914de-9daf-4a42-93b6-52391158ccaa,DES_142,3.0
0a4914de-9daf-4a42-93b6-52391158ccaa,DES_185,5.0
0a4914de-9daf-4a42-93b6-52391158ccaa,DES_70,5.0
0a4914de-9daf-4a42-93b6-52391158ccaa,FIX_99,1.0
0b3207b6-9e22-42e0-9623-ac947b894bbd,DES_115,5.0
0b3207b6-9e22-42e0-9623-ac947b894bbd,FIX_35,5.0
0b3207b6-9e22-42e0-9623-ac947b894bbd,FIX_80,2.0
0b32408c-cec5-4b78-9a6b-22aa8fbbf1a6,DES_105,5.0
0b32408c-cec5-4b78-9a6b-22aa8fbbf1a6,DES_164,1.0
0b32408c-cec5-4b78-9a6b-22aa8fbbf1a6,DES_186,5.0
0b32408c-cec5-4b78-9a6b-22aa8fbbf1a6,DES_44,5.0
0b32408c-cec5-4b78-9a6b-22aa8fbbf1a6,DES_56,5.0
0b32408c-cec5-4b78-9a6b-22aa8fbbf1a6,DES_95,5.0
0b32408c-cec5-4b78-9a6b-22aa8fbbf1a6,FIX_34,5.0
0b32408c-cec5-4b78-9a6b-22aa8fbbf1a6,FIX_58,5.0
0b32408c-cec5-4b78-9a6b-22aa8fbbf1a6,FIX_94,1.0
0dc259b2-aa7d-48c7-8f79-2f23dd6f8d16,FIX_25,2.0
0ea12c33-4376-4550-92c4-c62098cbbba9,DES_162,3.0
0ea12c33-4376-4550-92c4-c62098cbbba9,FIX_100,1.0
0ea12c33-4376-4550-92c4-c62098cbbba9,FIX_47,2.0
0ec8e41d-634a-441f-80f9-4aef8aa89573,DES_149,3.0
0ec8e41d-634a-441f-80f9-4aef8aa89573,DES_184,5.0
0ec9d586-bca2-4fd8-af9b-f979fd881bb6,DES_1,2.0
0ec9d586-bca2-4fd8-af9b-f979fd881bb6,DES_180,3.0
0ec9d586-bca2-4fd8-af9b-f979fd881bb6,FIX_43,2.0
0f819c50-2a2a-4a74-a99e-f039e0321891,DES_103,1.0
0fd03282-c238-468a-ae91-b88126381a3c,FIX_38,2.0
0ff3d511-84ad-43bb-a250-7e40185b40b6,DES_145,5.0
0ff3d511-84ad-43bb-a250-7e40185b40b6,DES_61,5.0
0ff3d511-84ad-43bb-a250-7e40185b40b6,DES_95,5.0
0ff3d511-84ad-43bb-a250-7e40185b40b6,FIX_19,2.0
0ff3d511-84ad-43bb-a250-7e40185b40b6,FIX_20,3.0
0ff3d511-84ad-43bb-a250-7e40185b40b6,FIX_71,3.0
105a5529-908e-4388-89a0-3fc89a5b5daf,DES_100,3.0
10603d5b-54c2-4749-98f4-a26314131189,DES_122,3.0
10603d5b-54c2-4749-98f4-a26314131189,FIX_73,2.0
110b1f9d-792a-461f-9b01-9943268e81d3,FIX_82,5.0
11108726-db2d-4f16-ae86-9138fabab1b9,DES_121,5.0
11108726-db2d-4f16-ae86-9138fabab1b9,DES_188,5.0
11108726-db2d-4f16-ae86-9138fabab1b9,FIX_100,5.0
11108726-db2d-4f16-ae86-9138fabab1b9,FIX_21,1.0
11108726-db2d-4f16-ae86-9138fabab1b9,FIX_37,3.0
11108726-db2d-4f16-ae86-9138fabab1b9,FIX_7,2.0
11108726-db2d-4f16-ae86-9138fabab1b9,FIX_71,5.0
11108726-db2d-4f16-ae86-9138fabab1b9,FIX_76,1.0
12184ece-80c6-42c6-82f7-58c475f35de1,FIX_17,3.0
12184ece-80c6-42c6-82f7-58c475f35de1,FIX_51,3.0
126b02fb-9f0c-418e-bc2d-a75770fc8ba6,FIX_56,1.0
126b02fb-9f0c-418e-bc2d-a75770fc8ba6,FIX_93,3.0
12e4ec28-6e59-479b-bf3a-4cfe2a2f38cf,FIX_42,5.0
137e5ef8-b876-43b5-89c0-44d3d8f95094,DES_132,3.0
1401ef6c-3e96-4aa7-a4e0-652e8a584b0b,DES_175,1.0
1464c126-b2cc-4069-8902-ecc4f4737da3,FIX_21,5.0
1464c126-b2cc-4069-8902-ecc4f4737da3,FIX_37,3.0
152769f7-42e9-42b8-ae88-4a01b3904010,DES_122,3.0
15a7fcea-0c46-4eef-b947-3c38830d1925,DES_186,3.0
15a7fcea-0c46-4eef-b947-3c38830d1925,DES_193,5.0
15a7fcea-0c46-4eef-b947-3c38830d1925,DES_3,5.0
15a7fcea-0c46-4eef-b947-3c38830d1925,DES_81,5.0
15a7fcea-0c46-4eef-b947-3c38830d1925,FIX_94,3.0
1617d146-b7d2-4f70-a0e5-a5f9a40ef167,FIX_100,1.0
16266b80-0c23-481f-bc3f-cf522a4ba209,DES_130,5.0
1669d2cf-0281-4e0c-a56d-92e3dea36608,FIX_58,1.0
16c889b6-2848-432d-89d5-3c1bfdf2dee5,FIX_7,3.0
18d3904a-7cbc-49b5-afc1-7986ae11a155,FIX_19,3.0
1a126594-6a83-48df-8ffe-536203df9338,DES_119,1.0
1a1c8c37-af89-44d1-85ba-1091699e9d3b,DES_181,5.0
1a1c8c37-af89-44d1-85ba-1091699e9d3b,FIX_32,3.0
1a5b1cf5-82d7-439d-90da-0ad7d5ba8c43,FIX_16,3.0
1a5b1cf5-82d7-439d-90da-0ad7d5ba8c43,FIX_34,1.0
1a5b1cf5-82d7-439d-90da-0ad7d5ba8c43,FIX_79,2.0
1a722496-8564-46c7-8610-4040101d3c23,FIX_37,3.0
1a760b05-f69f-472f-840d-6604774c77fb,DES_173,2.0
1a760b05-f69f-472f-840d-6604774c77fb,DES_183,1.0
1a760b05-f69f-472f-840d-6604774c77fb,DES_187,1.0
1a760b05-f69f-472f-840d-6604774c77fb,DES_48,5.0
1a760b05-f69f-472f-840d-6604774c77fb,FIX_18,5.0
1a760b05-f69f-472f-840d-6604774c77fb,FIX_67,5.0
1a852a91-e5b4-48e4-b5f7-fd0416cf92fa,DES_63,2.0
1ae4466c-1f80-483e-abf7-04b9caedddd8,FIX_73,2.0
1ae4466c-1f80-483e-abf7-04b9caedddd8,FIX_96,3.0
1b0856b8-c3fe-469f-8c58-0fe46226326b,DES_131,2.0
1b0856b8-c3fe-469f-8c58-0fe46226326b,DES_139,2.0
1b0856b8-c3fe-469f-8c58-0fe46226326b,DES_96,1.0
1b53e096-6f66-4b2b-8544-b20823d7f3f2,FIX_44,2.0
1b61f579-5517-4d0f-8831-dde61604d5b0,DES_192,2.0
1b61f579-5517-4d0f-8831-dde61604d5b0,DES_93,5.0
1b61f579-5517-4d0f-8831-dde61604d5b0,FIX_25,5.0
1b61f579-5517-4d0f-8831-dde61604d5b0,FIX_69,5.0
1c0e3e03-14f9-4e5b-9f7c-5e8135788b0f,FIX_7,2.0
1c62df07-fea7-4582-bad8-920e7fa0aaee,DES_118,5.0
1c62df07-fea7-4582-bad8-920e7fa0aaee,DES_5,5.0
1c62df07-fea7-4582-bad8-920e7fa0aaee,FIX_79,5.0
1c9330ad-0671-46d9-9158-72abab0a5ccd,DES_164,3.0
1c9330ad-0671-46d9-9158-72abab0a5ccd,DES_55,1.0
1cdb9abb-b80d-4b28-941f-cccae091b8be,DES_132,1.0
1cdb9abb-b80d-4b28-941f-cccae091b8be,DES_141,5.0
1cdb9abb-b80d-4b28-941f-cccae091b8be,DES_54,5.0
1cdb9abb-b80d-4b28-941f-cccae091b8be,FIX_3,5.0
1cdb9abb-b80d-4b28-941f-cccae091b8be,FIX_72,5.0
1cdb9abb-b80d-4b28-941f-cccae091b8be,FIX_75,10.0
1cdb9abb-b80d-4b28-941f-cccae091b8be,FIX_82,5.0
1cdb9abb-b80d-4b28-941f-cccae091b8be,FIX_86,5.0
1cdca19b-3f56-44dd-b7db-953b4c908ff9,DES_194,2.0
1cdca19b-3f56-44dd-b7db-953b4c908ff9,DES_20,1.0
1cdca19b-3f56-44dd-b7db-953b4c908ff9,DES_65,2.0
1cdca19b-3f56-44dd-b7db-953b4c908ff9,FIX_17,2.0
1cdca19b-3f56-44dd-b7db-953b4c908ff9,FIX_51,1.0
1cdca19b-3f56-44dd-b7db-953b4c908ff9,FIX_77,2.0
1d473620-8fc0-46e3-9031-aafe9dd796f3,DES_164,2.0
1d473620-8fc0-46e3-9031-aafe9dd796f3,FIX_11,5.0
1d6473a7-68f1-44b3-8266-18399bb6046f,FIX_98,5.0
1d83dc80-264e-4911-9072-e2b8ee95bfc8,FIX_10,3.0
1d83dc80-264e-4911-9072-e2b8ee95bfc8,FIX_46,5.0
1e6290fd-2bc1-46c3-bc29-b979b3de2451,DES_49,5.0
1e6290fd-2bc1-46c3-bc29-b979b3de2451,DES_98,5.0
1e6290fd-2bc1-46c3-bc29-b979b3de2451,FIX_29,5.0
1f64c9e7-cf8a-4b88-9d50-4df7195d155a,DES_58,1.0
1f64c9e7-cf8a-4b88-9d50-4df7195d155a,FIX_13,2.0
20a68942-b4d6-4034-a585-b3c3846e6e74,DES_36,3.0
20a68942-b4d6-4034-a585-b3c3846e6e74,FIX_70,3.0
20bcace4-a99c-4f56-a2fd-1316c2d1a2bc,FIX_55,1.0
20bcace4-a99c-4f56-a2fd-1316c2d1a2bc,FIX_6,1.0
218a6f31-2fbf-4133-b266-6a6e9f904b97,FIX_53,5.0
22744f40-a2e2-4208-a39c-287809a4d47e,FIX_87,1.0
2306af5e-811d-4181-ae4f-ada1776105b4,DES_153,2.0
2306af5e-811d-4181-ae4f-ada1776105b4,FIX_11,5.0
2306af5e-811d-4181-ae4f-ada1776105b4,FIX_54,5.0
2306af5e-811d-4181-ae4f-ada1776105b4,FIX_74,3.0
23c95308-602b-4675-9f61-b0d22fb44cff,DES_181,1.0
23c95308-602b-4675-9f61-b0d22fb44cff,FIX_30,2.0
24c0836e-66e6-4144-8db7-481281e7a046,DES_135,5.0
24df938d-9a8c-4405-9e1a-a3e74c3a135b,DES_159,1.0
24df938d-9a8c-4405-9e1a-a3e74c3a135b,DES_23,2.0
252abfb1-0185-40bb-9a1c-72fdbec3adc0,DES_113,1.0
252abfb1-0185-40bb-9a1c-72fdbec3adc0,DES_184,2.0
267a3b27-e636-468b-8874-ea92a6f85796,FIX_60,2.0
2707b7d2-4ed4-49ff-81f8-a4896bd1cac2,DES_156,1.0
2707b7d2-4ed4-49ff-81f8-a4896bd1cac2,DES_194,2.0
2707b7d2-4ed4-49ff-81f8-a4896bd1cac2,DES_196,5.0
2707b7d2-4ed4-49ff-81f8-a4896bd1cac2,DES_63,5.0
2707b7d2-4ed4-49ff-81f8-a4896bd1cac2,FIX_9,5.0
2785c50d-5e98-4a63-853c-de6c1f91aefb,DES_1,2.0
2785c50d-5e98-4a63-853c-de6c1f91aefb,DES_21,5.0
2785c50d-5e98-4a63-853c-de6c1f91aefb,DES_27,3.0
27cc0538-aee5-447e-81af-f6f296185181,DES_187,2.0
291133a3-89e9-4e8d-8b35-d65fc2d31bb0,FIX_70,2.0
29ea72de-380f-4a13-8bb9-d4f1571e43ae,FIX_20,3.0
2a291b4f-bca2-4d38-af33-0eb60135b326,DES_155,2.0
2a291b4f-bca2-4d38-af33-0eb60135b326,DES_73,2.0
2a291b4f-bca2-4d38-af33-0eb60135b326,FIX_80,2.0
2a291b4f-bca2-4d38-af33-0eb60135b326,FIX_89,2.0
2a3e66df-5373-4427-953d-92f6056fbfaa,DES_175,2.0
2a3e66df-5373-4427-953d-92f6056fbfaa,FIX_76,2.0
2a3e66df-5373-4427-953d-92f6056fbfaa,FIX_94,1.0
2a8a8e7b-e99f-4587-94cc-284b757ad673,FIX_44,1.0
2babb6f0-71b5-45d7-9fbc-a0c3d7011410,DES_57,5.0
2babb6f0-71b5-45d7-9fbc-a0c3d7011410,DES_65,1.0
2babb6f0-71b5-45d7-9fbc-a0c3d7011410,FIX_12,5.0
2babb6f0-71b5-45d7-9fbc-a0c3d7011410,FIX_35,5.0
2babb6f0-71b5-45d7-9fbc-a0c3d7011410,FIX_79,1.0
2c016d79-c1e2-419b-bc27-aba326c197d0,DES_97,5.0
2c32264e-c809-4a51-b502-fef36eee1948,DES_154,1.0
2e244e65-bec6-478c-aa8c-42c7821bb97e,DES_109,5.0
2e244e65-bec6-478c-aa8c-42c7821bb97e,FIX_83,5.0
2e5d2bad-e3e4-4707-a422-b78d68bbada5,FIX_40,2.0
2eb6e369-cda8-493d-a65c-fd0abeb0cb5c,DES_109,1.0
2eb6e369-cda8-493d-a65c-fd0abeb0cb5c,FIX_69,5.0
2eb6e369-cda8-493d-a65c-fd0abeb0cb5c,FIX_79,1.0
2ecdc211-3782-4581-b886-0627c835c4c1,DES_33,1.0
2ecdc211-3782-4581-b886-0627c835c4c1,FIX_46,3.0
2ecdc211-3782-4581-b886-0627c835c4c1,FIX_6,2.0
2f14b770-04aa-44cf-bd02-5c978eeba86f,DES_140,5.0
2f14b770-04aa-44cf-bd02-5c978eeba86f,DES_80,5.0
2f14b770-04aa-44cf-bd02-5c978eeba86f,FIX_76,5.0
2f2e7fc2-3ad0-4ab5-901e-a47b306eb920,DES_113,5.0
2f2e7fc2-3ad0-4ab5-901e-a47b306eb920,DES_194,3.0
2fb6ca72-e52b-4f5c-9bad-c3b37d0c4193,FIX_68,2.0
30dc026d-7583-43e6-a950-c4f30f06a1c5,DES_51,6.0
30dc026d-7583-43e6-a950-c4f30f06a1c5,DES_56,5.0
30dc026d-7583-43e6-a950-c4f30f06a1c5,FIX_78,5.0
318a0487-39ff-4ce3-a297-e8657ad5f167,FIX_76,3.0
32358b4e-a1aa-43b2-a23f-2440236b5882,DES_25,1.0
3288d3f8-548b-42ae-92d7-82c03ae5f799,DES_171,2.0
32acaeec-9952-4704-9847-bb6a1300a2de,FIX_39,1.0
3316aa64-c694-41b7-9538-db793850571f,DES_10,1.0
3316aa64-c694-41b7-9538-db793850571f,FIX_20,1.0
3369caad-b572-4d6e-b40e-b0b6de8d483d,FIX_11,2.0
33c52765-9863-4445-bd29-83b9d0f91c77,FIX_85,2.0
33c870a0-5a20-4e66-91d3-b734426ec4c1,DES_170,2.0
35215fd8-a7ce-469e-a0bf-0f6128235822,DES_1,5.0
35215fd8-a7ce-469e-a0bf-0f6128235822,DES_14,5.0
35b07e92-aa80-4523-8e1b-a66ed22179c5,DES_6,5.0
35b07e92-aa80-4523-8e1b-a66ed22179c5,DES_76,5.0
35b07e92-aa80-4523-8e1b-a66ed22179c5,FIX_72,5.0
35e566b7-dedd-49fb-ac9e-469718fcbf1f,DES_21,5.0
35e566b7-dedd-49fb-ac9e-469718fcbf1f,DES_37,3.0
35e566b7-dedd-49fb-ac9e-469718fcbf1f,FIX_96,5.0
385393a0-2859-41c7-a09f-1c14671e04c7,DES_101,3.0
385393a0-2859-41c7-a09f-1c14671e04c7,FIX_49,2.0
388b6aa9-13d1-424d-94ab-9e2d8e9aa424,DES_59,5.0
388b6aa9-13d1-424d-94ab-9e2d8e9aa424,DES_84,5.0
389ac902-1b4f-44b4-84c8-17a22b53bab6,FIX_56,3.0
39196c20-b0dd-4771-a417-d6bbd2c4f454,DES_195,5.0
39196c20-b0dd-4771-a417-d6bbd2c4f454,DES_196,1.0
39196c20-b0dd-4771-a417-d6bbd2c4f454,FIX_27,5.0
394c2986-2a6a-4aa8-abed-9aea8500cd4c,DES_146,3.0
394c2986-2a6a-4aa8-abed-9aea8500cd4c,DES_17,5.0
394c2986-2a6a-4aa8-abed-9aea8500cd4c,FIX_37,2.0
39f8812f-aa08-4180-a220-98cedec7f394,DES_153,1.0
39f8812f-aa08-4180-a220-98cedec7f394,DES_43,5.0
39f8812f-aa08-4180-a220-98cedec7f394,DES_78,1.0
39f8812f-aa08-4180-a220-98cedec7f394,FIX_27,5.0
3a0d95b6-236c-4741-abe3-c4a87e929b5b,DES_146,5.0
3a0d95b6-236c-4741-abe3-c4a87e929b5b,DES_158,1.0
3a0d95b6-236c-4741-abe3-c4a87e929b5b,DES_177,5.0
3a0d95b6-236c-4741-abe3-c4a87e929b5b,DES_18,2.0
3a0d95b6-236c-4741-abe3-c4a87e929b5b,FIX_11,2.0
3a0d95b6-236c-4741-abe3-c4a87e929b5b,FIX_66,5.0
3a0d95b6-236c-4741-abe3-c4a87e929b5b,FIX_73,5.0
3a0d95b6-236c-4741-abe3-c4a87e929b5b,FIX_89,5.0
3a3859a4-edd5-4e0d-9837-d54964e9aa4b,DES_182,5.0
3a3859a4-edd5-4e0d-9837-d54964e9aa4b,DES_19,5.0
3a3859a4-edd5-4e0d-9837-d54964e9aa4b,DES_50,5.0
3a3859a4-edd5-4e0d-9837-d54964e9aa4b,FIX_61,5.0
3ae37438-f958-4010-b396-27df41e5f7ef,DES_75,1.0
3ae37438-f958-4010-b396-27df41e5f7ef,DES_81,2.0
3ae37438-f958-4010-b396-27df41e5f7ef,FIX_30,2.0
3b2585d6-9fb6-44e6-a896-a901c2593817,FIX_13,3.0
3b2585d6-9fb6-44e6-a896-a901c2593817,FIX_4,1.0
3ce421e3-52bf-4a0e-8f1d-fb8d12714582,FIX_94,1.0
3e39ad46-764d-4365-9d05-d5a1a8743e0b,DES_10,1.0
3ee88351-4ee9-49db-b3c8-baf499fe7598,FIX_2,3.0
3eee15bd-892e-418c-a05e-2918266c5abf,FIX_21,3.0
3efa7641-c765-405a-bde9-5c83f44f4cb3,DES_15,5.0
3efa7641-c765-405a-bde9-5c83f44f4cb3,DES_20,5.0
3efa7641-c765-405a-bde9-5c83f44f4cb3,DES_74,1.0
3f31db00-c624-4f21-aba2-033c51c5934a,FIX_39,3.0
3fec894f-1e00-48c0-b2f8-a7d979c19c06,DES_108,5.0
3fec894f-1e00-48c0-b2f8-a7d979c19c06,DES_158,5.0
40948dfe-5de1-483a-8647-421af845a0cc,DES_160,2.0
40948dfe-5de1-483a-8647-421af845a0cc,DES_189,3.0
409ffb66-0aae-4210-bbb0-fb224a5d659c,DES_170,5.0
409ffb66-0aae-4210-bbb0-fb224a5d659c,DES_173,5.0
409ffb66-0aae-4210-bbb0-fb224a5d659c,DES_192,5.0
409ffb66-0aae-4210-bbb0-fb224a5d659c,DES_193,5.0
409ffb66-0aae-4210-bbb0-fb224a5d659c,DES_3,5.0
409ffb66-0aae-4210-bbb0-fb224a5d659c,DES_47,5.0
409ffb66-0aae-4210-bbb0-fb224a5d659c,FIX_13,5.0
41a4c9f9-6657-4f32-bf1c-888cbb607b96,DES_36,1.0
433e4139-11c1-4f55-997c-e6bf8f5fe060,DES_169,1.0
433e4139-11c1-4f55-997c-e6bf8f5fe060,DES_23,5.0
433e4139-11c1-4f55-997c-e6bf8f5fe060,FIX_28,5.0
43892781-4915-4222-ab6d-78d806c42a74,DES_152,2.0
43892781-4915-4222-ab6d-78d806c42a74,DES_65,2.0
439a4cba-e8a9-4d0f-a457-0b96aef09fd4,DES_79,2.0
45e56d47-35e4-4756-8606-839cd5ba10de,DES_173,5.0
45e56d47-35e4-4756-8606-839cd5ba10de,DES_31,5.0
45e56d47-35e4-4756-8606-839cd5ba10de,DES_63,1.0
45e56d47-35e4-4756-8606-839cd5ba10de,FIX_53,5.0
47357bf2-4607-4677-a631-4190e4100e6a,DES_88,3.0
47357bf2-4607-4677-a631-4190e4100e6a,DES_96,5.0
47357bf2-4607-4677-a631-4190e4100e6a,FIX_4,1.0
47357bf2-4607-4677-a631-4190e4100e6a,FIX_59,3.0
48317463-f736-4d4d-b7ab-7ff900e3b5a6,DES_145,3.0
48317463-f736-4d4d-b7ab-7ff900e3b5a6,DES_182,2.0
48317463-f736-4d4d-b7ab-7ff900e3b5a6,FIX_15,5.0
48317463-f736-4d4d-b7ab-7ff900e3b5a6,FIX_64,2.0
48317463-f736-4d4d-b7ab-7ff900e3b5a6,FIX_75,1.0
4914bb50-51e4-410c-874f-f612c183eb53,DES_12,5.0
4914bb50-51e4-410c-874f-f612c183eb53,DES_149,1.0
491b98a4-faa3-4ba3-be19-bacc6cbb6805,DES_194,2.0
491b98a4-faa3-4ba3-be19-bacc6cbb6805,FIX_50,3.0
491b98a4-faa3-4ba3-be19-bacc6cbb6805,FIX_83,5.0
491b98a4-faa3-4ba3-be19-bacc6cbb6805,FIX_88,5.0
4991e4e4-7729-47f7-8afd-00e2b45e331d,DES_154,5.0
4991e4e4-7729-47f7-8afd-00e2b45e331d,DES_194,2.0
4991e4e4-7729-47f7-8afd-00e2b45e331d,FIX_68,5.0
4a84e88a-ae5d-45ab-8234-b760179ec010,DES_143,3.0
4a84e88a-ae5d-45ab-8234-b760179ec010,FIX_97,1.0
4ad280c2-0c5f-493b-812f-3ecee64988ca,DES_133,5.0
4ad280c2-0c5f-493b-812f-3ecee64988ca,DES_179,2.0
4ad280c2-0c5f-493b-812f-3ecee64988ca,FIX_45,3.0
4ae4473c-b079-46a2-9ddb-999d73fc2955,DES_151,1.0
4ae4473c-b079-46a2-9ddb-999d73fc2955,DES_196,5.0
4ae4473c-b079-46a2-9ddb-999d73fc2955,FIX_40,1.0
4ae4473c-b079-46a2-9ddb-999d73fc2955,FIX_42,5.0
4ae4473c-b079-46a2-9ddb-999d73fc2955,FIX_77,5.0
4bd70751-5dcc-4057-afb5-0c1994e27b52,DES_105,5.0
4bd70751-5dcc-4057-afb5-0c1994e27b52,DES_15,2.0
4bd70751-5dcc-4057-afb5-0c1994e27b52,DES_173,5.0
4bd70751-5dcc-4057-afb5-0c1994e27b52,DES_97,5.0
4bd70751-5dcc-4057-afb5-0c1994e27b52,FIX_79,5.0
4c78e323-4a3f-42fc-bee5-35716f1adfde,FIX_3,1.0
4c78e323-4a3f-42fc-bee5-35716f1adfde,FIX_77,5.0
4cd93c01-ce38-41fe-af41-10d2b160049e,DES_120,5.0
4d06b2fa-293a-4971-a26e-ee3afb93873f,DES_126,5.0
4d06b2fa-293a-4971-a26e-ee3afb93873f,DES_59,2.0
4d06b2fa-293a-4971-a26e-ee3afb93873f,DES_80,5.0
4d06b2fa-293a-4971-a26e-ee3afb93873f,FIX_66,5.0
4d06b2fa-293a-4971-a26e-ee3afb93873f,FIX_72,2.0
4d6a1cf2-d9a8-4949-a30f-07bdb2c636ea,FIX_1,3.0
4d6a1cf2-d9a8-4949-a30f-07bdb2c636ea,FIX_19,5.0
4d6a1cf2-d9a8-4949-a30f-07bdb2c636ea,FIX_32,5.0
4d6a1cf2-d9a8-4949-a30f-07bdb2c636ea,FIX_53,5.0
4e45f04f-9627-40c3-85b8-6685b18be0fe,DES_105,2.0
4e45f04f-9627-40c3-85b8-6685b18be0fe,DES_157,3.0
4e45f04f-9627-40c3-85b8-6685b18be0fe,DES_34,3.0
4e45f04f-9627-40c3-85b8-6685b18be0fe,FIX_10,3.0
4f1385a9-c984-4d5a-a9c0-63d47720bf2a,FIX_26,2.0
4f1385a9-c984-4d5a-a9c0-63d47720bf2a,FIX_84,2.0
4fb937bb-5f95-4ad3-9334-e75e0484518f,DES_173,3.0
4fb937bb-5f95-4ad3-9334-e75e0484518f,FIX_3,5.0
4fe392ff-ff77-4560-845d-f84f65d718ea,DES_196,5.0
4fe392ff-ff77-4560-845d-f84f65d718ea,DES_68,3.0
4fe392ff-ff77-4560-845d-f84f65d718ea,DES_73,5.0
4fe392ff-ff77-4560-845d-f84f65d718ea,FIX_29,5.0
4fe392ff-ff77-4560-845d-f84f65d718ea,FIX_85,5.0
4ffa0383-2366-484a-b6fc-0414690b44c8,FIX_23,3.0
5165e4d7-d0b6-40a0-9ae3-b49ebfa207c7,DES_20,2.0
5165e4d7-d0b6-40a0-9ae3-b49ebfa207c7,DES_35,3.0
5165e4d7-d0b6-40a0-9ae3-b49ebfa207c7,FIX_86,2.0
5212cd50-14c7-4c4e-9449-0c9d4e5fe480,DES_103,3.0
5212cd50-14c7-4c4e-9449-0c9d4e5fe480,FIX_48,1.0
539d2fe5-efe8-4af9-9434-7102fbe0425f,DES_164,2.0
539d2fe5-efe8-4af9-9434-7102fbe0425f,DES_93,5.0
539d2fe5-efe8-4af9-9434-7102fbe0425f,FIX_20,5.0
539d2fe5-efe8-4af9-9434-7102fbe0425f,FIX_25,2.0
539d2fe5-efe8-4af9-9434-7102fbe0425f,FIX_61,5.0
54b77394-fc02-4a0e-a148-e5483e4571ca,DES_199,3.0
55a0c5e8-d24c-47e4-9da1-f0718007cf95,FIX_8,2.0
58b63381-463f-4654-94d5-22727c816063,DES_134,3.0
58b63381-463f-4654-94d5-22727c816063,FIX_24,2.0
58c55822-a9d1-40cc-817d-4bb19bf79788,DES_142,2.0
58c55822-a9d1-40cc-817d-4bb19bf79788,DES_37,2.0
58c55822-a9d1-40cc-817d-4bb19bf79788,FIX_7,3.0
58c55822-a9d1-40cc-817d-4bb19bf79788,FIX_70,1.0
58fad57d-527e-484d-93ca-c3e0b16ea005,DES_81,1.0
592d3ce8-47d3-4b60-9e04-6f2c210e00f2,DES_133,3.0
592d3ce8-47d3-4b60-9e04-6f2c210e00f2,DES_6,1.0
5988e84b-cf2b-4677-9bb2-d5b166500bf1,DES_131,2.0
5988e84b-cf2b-4677-9bb2-d5b166500bf1,DES_34,5.0
5988e84b-cf2b-4677-9bb2-d5b166500bf1,FIX_23,5.0
5988e84b-cf2b-4677-9bb2-d5b166500bf1,FIX_87,3.0
5a025872-8820-4ce1-b3d9-7e42218510e9,DES_175,1.0
5a7e75d4-7840-4742-bc2a-b746e49b4b0f,FIX_75,2.0
5b75704a-03a1-47bd-81a2-e13bf51b34f5,DES_126,1.0
5b75704a-03a1-47bd-81a2-e13bf51b34f5,FIX_55,3.0
5b75704a-03a1-47bd-81a2-e13bf51b34f5,FIX_7,5.0
5b75704a-03a1-47bd-81a2-e13bf51b34f5,FIX_84,5.0
5beed1ea-e34d-4670-83ad-fe87038e9644,DES_130,2.0
5beed1ea-e34d-4670-83ad-fe87038e9644,DES_83,5.0
5beed1ea-e34d-4670-83ad-fe87038e9644,FIX_13,5.0
5beed1ea-e34d-4670-83ad-fe87038e9644,FIX_69,5.0
5c23f3fb-c523-47cd-b500-e2f6fd4a4793,DES_60,2.0
5edbc39b-971d-43de-a597-9430af8f4b00,DES_17,3.0
5edbc39b-971d-43de-a597-9430af8f4b00,FIX_50,1.0
5f0636c8-c627-4ea3-b8af-4e6c1e947107,FIX_23,2.0
5fd1e95a-13d6-43f0-b77c-0e477c5649f7,DES_189,1.0
6197e539-7bb8-4a50-9728-e1c2633cd09c,FIX_72,3.0
623b650b-6a89-4c51-a550-98898847ae19,DES_20,1.0
623b650b-6a89-4c51-a550-98898847ae19,FIX_2,3.0
63696d22-05d8-40d9-95c7-e73b5b58af5d,DES_137,2.0
63696d22-05d8-40d9-95c7-e73b5b58af5d,DES_149,2.0
63696d22-05d8-40d9-95c7-e73b5b58af5d,DES_39,2.0
63696d22-05d8-40d9-95c7-e73b5b58af5d,FIX_47,2.0
6383e88b-788e-4707-bc09-113185ae2eae,DES_119,2.0
65526c9e-7f5f-45dd-bbe4-2f59b380b44d,DES_28,5.0
65526c9e-7f5f-45dd-bbe4-2f59b380b44d,FIX_17,5.0
65526c9e-7f5f-45dd-bbe4-2f59b380b44d,FIX_45,5.0
65526c9e-7f5f-45dd-bbe4-2f59b380b44d,FIX_79,3.0
67b90c11-9bb2-4e4e-84fa-065f6d09599c,DES_113,5.0
67b90c11-9bb2-4e4e-84fa-065f6d09599c,DES_177,5.0
67b90c11-9bb2-4e4e-84fa-065f6d09599c,DES_195,5.0
6808f866-9214-4802-a237-63a0f834be40,DES_36,2.0
6808f866-9214-4802-a237-63a0f834be40,DES_83,1.0
6808f866-9214-4802-a237-63a0f834be40,FIX_13,2.0
6808f866-9214-4802-a237-63a0f834be40,FIX_73,3.0
68658373-8ef0-4b9e-b6ac-dc8972b12f6f,DES_11,5.0
68658373-8ef0-4b9e-b6ac-dc8972b12f6f,FIX_15,5.0
68658373-8ef0-4b9e-b6ac-dc8972b12f6f,FIX_98,5.0
6a2cf68b-9595-481c-a291-9b9762ecfb06,DES_168,1.0
6a2cf68b-9595-481c-a291-9b9762ecfb06,DES_190,5.0
6a2cf68b-9595-481c-a291-9b9762ecfb06,DES_55,5.0
6a2cf68b-9595-481c-a291-9b9762ecfb06,DES_68,5.0
6bfff44b-d2f4-4737-859e-03b2ff47c18a,DES_160,3.0
6bfff44b-d2f4-4737-859e-03b2ff47c18a,FIX_21,5.0
6bfff44b-d2f4-4737-859e-03b2ff47c18a,FIX_40,1.0
6bfff44b-d2f4-4737-859e-03b2ff47c18a,FIX_87,5.0
6bfff44b-d2f4-4737-859e-03b2ff47c18a,FIX_99,5.0
6c19782d-3720-454b-8156-1705722fdca7,DES_39,2.0
6c490952-746c-4f4f-b179-fd59d7972721,DES_120,1.0
6c490952-746c-4f4f-b179-fd59d7972721,DES_138,2.0
6c490952-746c-4f4f-b179-fd59d7972721,DES_4,2.0
6c490952-746c-4f4f-b179-fd59d7972721,FIX_22,2.0
6c490952-746c-4f4f-b179-fd59d7972721,FIX_7,5.0
6c490952-746c-4f4f-b179-fd59d7972721,FIX_96,5.0
6cc1c5f4-071e-45bf-b247-d7a5dc51a577,DES_158,5.0
6cc1c5f4-071e-45bf-b247-d7a5dc51a577,DES_164,5.0
6cc1c5f4-071e-45bf-b247-d7a5dc51a577,FIX_21,5.0
6cc1c5f4-071e-45bf-b247-d7a5dc51a577,FIX_32,3.0
6e0d30af-5a57-4516-89de-5772ea34eba8,FIX_64,3.0
6e0d30af-5a57-4516-89de-5772ea34eba8,FIX_9,2.0
6e0d30af-5a57-4516-89de-5772ea34eba8,FIX_95,2.0
6ea13b1c-994e-4ec5-a33f-374ed31223b3,DES_108,5.0
6ea13b1c-994e-4ec5-a33f-374ed31223b3,DES_39,2.0
6ea13b1c-994e-4ec5-a33f-374ed31223b3,FIX_23,5.0
6f5d594f-3701-408a-ae42-d9a9e5689039,DES_122,1.0
6f5d594f-3701-408a-ae42-d9a9e5689039,DES_137,5.0
6f5d594f-3701-408a-ae42-d9a9e5689039,DES_83,1.0
70e431ca-87fa-4b5d-95d3-e9a5aa0e711a,DES_168,5.0
70e431ca-87fa-4b5d-95d3-e9a5aa0e711a,DES_28,1.0
70e431ca-87fa-4b5d-95d3-e9a5aa0e711a,DES_49,5.0
70f482d0-b784-4f34-8c0c-79cdd03d3744,FIX_13,5.0
70f482d0-b784-4f34-8c0c-79cdd03d3744,FIX_39,5.0
70f482d0-b784-4f34-8c0c-79cdd03d3744,FIX_85,3.0
71316af2-4e22-4438-8087-96b7b7e85f1a,DES_149,3.0
71316af2-4e22-4438-8087-96b7b7e85f1a,FIX_64,1.0
7132dcd5-db5a-4666-81c3-98e1256a17b9,FIX_2,3.0
7132dcd5-db5a-4666-81c3-98e1256a17b9,FIX_25,3.0
716ee34d-9cb6-4811-8069-771a7a78d9db,DES_26,2.0
716ee34d-9cb6-4811-8069-771a7a78d9db,FIX_52,1.0
71f74b7c-1fdb-4350-8fc5-1f2c5f4a933c,DES_167,1.0
71f74b7c-1fdb-4350-8fc5-1f2c5f4a933c,FIX_78,2.0
72cdfa39-3f98-4bb1-ba47-3d091eed50be,DES_101,2.0
72cdfa39-3f98-4bb1-ba47-3d091eed50be,DES_199,2.0
72cdfa39-3f98-4bb1-ba47-3d091eed50be,FIX_31,2.0
72cdfa39-3f98-4bb1-ba47-3d091eed50be,FIX_83,1.0
72cdfa39-3f98-4bb1-ba47-3d091eed50be,FIX_95,5.0
7384c1fd-5f27-4d22-aa9d-9d955764fb30,DES_80,3.0
7384c1fd-5f27-4d22-aa9d-9d955764fb30,FIX_8,2.0
7384c1fd-5f27-4d22-aa9d-9d955764fb30,FIX_89,1.0
7384c1fd-5f27-4d22-aa9d-9d955764fb30,FIX_98,3.0
748a3b69-9acc-47ac-8db2-50a8fa600485,DES_146,5.0
748a3b69-9acc-47ac-8db2-50a8fa600485,DES_4,5.0
748a3b69-9acc-47ac-8db2-50a8fa600485,DES_86,5.0
74a1888a-649b-4a87-9674-4332ab4c164f,DES_67,5.0
74a1888a-649b-4a87-9674-4332ab4c164f,FIX_18,3.0
74a1888a-649b-4a87-9674-4332ab4c164f,FIX_26,5.0
74a1888a-649b-4a87-9674-4332ab4c164f,FIX_74,5.0
74e630cc-9126-48ae-877e-36f4bbe409cd,DES_47,5.0
74e630cc-9126-48ae-877e-36f4bbe409cd,DES_55,3.0
76e32e4e-a578-4848-9591-a5caefb0819d,FIX_51,2.0
77163043-23c4-407f-a11b-4bed9b801ca3,DES_170,5.0
77163043-23c4-407f-a11b-4bed9b801ca3,FIX_86,5.0
7750eb75-530b-4ab5-9b21-f944122517c4,DES_30,3.0
7750eb75-530b-4ab5-9b21-f944122517c4,FIX_93,2.0
77e2803e-8e17-44d3-a9b0-d0fddf9e8611,DES_179,5.0
77e2803e-8e17-44d3-a9b0-d0fddf9e8611,DES_75,1.0
77e2803e-8e17-44d3-a9b0-d0fddf9e8611,FIX_69,5.0
77e2803e-8e17-44d3-a9b0-d0fddf9e8611,FIX_91,5.0
786841f6-fd44-446f-8f74-2799b789bc48,DES_117,3.0
786841f6-fd44-446f-8f74-2799b789bc48,DES_48,1.0
786841f6-fd44-446f-8f74-2799b789bc48,DES_51,2.0
786841f6-fd44-446f-8f74-2799b789bc48,DES_82,1.0
786841f6-fd44-446f-8f74-2799b789bc48,DES_90,3.0
786841f6-fd44-446f-8f74-2799b789bc48,FIX_43,5.0
7869fcfc-eb70-4498-9526-416e5a122780,DES_131,5.0
7869fcfc-eb70-4498-9526-416e5a122780,DES_5,3.0
7869fcfc-eb70-4498-9526-416e5a122780,FIX_16,3.0
7869fcfc-eb70-4498-9526-416e5a122780,FIX_3,5.0
7869fcfc-eb70-4498-9526-416e5a122780,FIX_51,5.0
7869fcfc-eb70-4498-9526-416e5a122780,FIX_52,2.0
79a469ed-0e2a-4ce8-8c9d-963de8f7a5ae,DES_33,3.0
79e0203e-371e-44e8-a3a9-2c12bfba49b3,FIX_81,1.0
7afcc8d9-e60e-4732-96c0-34dd3c8b907b,DES_102,5.0
7afcc8d9-e60e-4732-96c0-34dd3c8b907b,DES_21,5.0
7afcc8d9-e60e-4732-96c0-34dd3c8b907b,DES_37,5.0
7afcc8d9-e60e-4732-96c0-34dd3c8b907b,FIX_39,5.0
7afcc8d9-e60e-4732-96c0-34dd3c8b907b,FIX_75,5.0
7afcc8d9-e60e-4732-96c0-34dd3c8b907b,FIX_97,5.0
7cd899d5-a885-4ffa-aa36-cf8e2b591d38,DES_42,3.0
7cd899d5-a885-4ffa-aa36-cf8e2b591d38,DES_51,3.0
7cd899d5-a885-4ffa-aa36-cf8e2b591d38,DES_97,2.0
7d007b5d-fbe1-48f5-8688-db6a198b89f9,FIX_47,5.0
7d007b5d-fbe1-48f5-8688-db6a198b89f9,FIX_67,5.0
7e57aee3-127e-431b-a286-f4add57c1019,FIX_76,1.0
7e69b64d-8602-44e9-8ded-858e86367d29,FIX_96,5.0
7f086c46-073d-439b-8967-ca5041c39dc7,DES_102,1.0
7f086c46-073d-439b-8967-ca5041c39dc7,DES_34,2.0
7f086c46-073d-439b-8967-ca5041c39dc7,DES_90,3.0
7f086c46-073d-439b-8967-ca5041c39dc7,FIX_78,3.0
7fcedf32-5b54-48ef-bd7a-4e734749a142,FIX_19,5.0
7fcedf32-5b54-48ef-bd7a-4e734749a142,FIX_78,5.0
7fe56b8c-e802-4540-9a4a-d6ff42d97f77,FIX_44,2.0
7fe56b8c-e802-4540-9a4a-d6ff42d97f77,FIX_87,3.0
806e82c0-e486-4399-92b7-5c8ab912f347,DES_94,5.0
806e82c0-e486-4399-92b7-5c8ab912f347,FIX_3,1.0
80dca971-9122-49d6-a41c-cb366f1135fa,DES_169,3.0
80f3d657-0a68-4d37-af1e-3a01e0016864,DES_126,5.0
80f3d657-0a68-4d37-af1e-3a01e0016864,DES_200,5.0
80f3d657-0a68-4d37-af1e-3a01e0016864,DES_41,5.0
80f3d657-0a68-4d37-af1e-3a01e0016864,FIX_54,3.0
80f3d657-0a68-4d37-af1e-3a01e0016864,FIX_59,5.0
80f3d657-0a68-4d37-af1e-3a01e0016864,FIX_76,5.0
830cf64f-6ba9-4109-b552-b84f829199e0,DES_92,5.0
830cf64f-6ba9-4109-b552-b84f829199e0,FIX_16,5.0
830cf64f-6ba9-4109-b552-b84f829199e0,FIX_47,2.0
835a7988-3ce4-4d36-bdf0-3d94d23e1ce2,DES_24,2.0
83b1d7c7-460c-4596-a17b-b78ae1a97fd8,DES_65,2.0
83c6d7ef-e681-4e7f-ad2b-6120f38f786a,DES_172,5.0
83e4b8b7-d0f2-41a4-bed5-d49ff698ad60,DES_158,3.0
83e4b8b7-d0f2-41a4-bed5-d49ff698ad60,FIX_16,3.0
83e4b8b7-d0f2-41a4-bed5-d49ff698ad60,FIX_20,5.0
83e4b8b7-d0f2-41a4-bed5-d49ff698ad60,FIX_70,5.0
83fe79b6-1b00-4ac4-a289-bddade3d1789,FIX_40,2.0
8568ce3e-034d-4048-b619-4d1c4fd6d8dd,FIX_4,5.0
85db2088-8ca5-450b-a0f3-6701307b39a9,FIX_60,2.0
85db2088-8ca5-450b-a0f3-6701307b39a9,FIX_67,3.0
85ed14d7-f374-42a0-a28b-bdbd1911921f,DES_17,2.0
85ed14d7-f374-42a0-a28b-bdbd1911921f,FIX_86,5.0
85ed14d7-f374-42a0-a28b-bdbd1911921f,FIX_95,5.0
86d149c9-fab2-44c9-a8c4-c3cb975ced5b,DES_155,5.0
86d149c9-fab2-44c9-a8c4-c3cb975ced5b,DES_28,3.0
86d149c9-fab2-44c9-a8c4-c3cb975ced5b,DES_97,5.0
86d149c9-fab2-44c9-a8c4-c3cb975ced5b,FIX_56,4.0
86d149c9-fab2-44c9-a8c4-c3cb975ced5b,FIX_76,5.0
86d149c9-fab2-44c9-a8c4-c3cb975ced5b,FIX_93,1.0
86ee9ba3-e73e-4163-a61e-5d8717828e20,DES_142,1.0
87df127c-614e-4a38-aae3-5a6641e3099c,DES_142,3.0
87df127c-614e-4a38-aae3-5a6641e3099c,FIX_56,3.0
8856fa22-6f12-428e-8dd4-987646a2429a,FIX_17,3.0
894ecb2c-a002-44f2-9157-22d95f97126a,DES_100,3.0
894ecb2c-a002-44f2-9157-22d95f97126a,FIX_77,2.0
8a3a7f6a-4c3c-4cee-bebc-a638ab1514cd,FIX_66,3.0
8b8f99cd-8591-4443-bf4b-860cf8314e1b,DES_44,5.0
8b8f99cd-8591-4443-bf4b-860cf8314e1b,DES_5,1.0
8b8f99cd-8591-4443-bf4b-860cf8314e1b,DES_82,1.0
8bef27be-c300-4e96-874b-1fe2c61cad22,DES_108,3.0
8bef27be-c300-4e96-874b-1fe2c61cad22,FIX_43,2.0
8c757176-c533-4feb-9720-5bcdb048c53d,DES_30,3.0
8c757176-c533-4feb-9720-5bcdb048c53d,DES_39,3.0
8e182cd4-8326-4c21-bc0e-2b42bfff8ab9,FIX_89,5.0
8efe3985-b8e0-419a-8def-077526f287b2,DES_153,2.0
8efe3985-b8e0-419a-8def-077526f287b2,FIX_70,1.0
8feae348-b330-4b6d-91d2-6b89c3cbf8f8,DES_110,5.0
8feae348-b330-4b6d-91d2-6b89c3cbf8f8,DES_40,5.0
8feae348-b330-4b6d-91d2-6b89c3cbf8f8,FIX_75,5.0
8feae348-b330-4b6d-91d2-6b89c3cbf8f8,FIX_79,3.0
8fece599-5604-4756-81aa-4d8f63bf8a01,DES_15,5.0
8fece599-5604-4756-81aa-4d8f63bf8a01,DES_54,5.0
8fece599-5604-4756-81aa-4d8f63bf8a01,DES_64,5.0
8fece599-5604-4756-81aa-4d8f63bf8a01,DES_93,5.0
8fece599-5604-4756-81aa-4d8f63bf8a01,FIX_31,5.0
8fece599-5604-4756-81aa-4d8f63bf8a01,FIX_35,5.0
8fece599-5604-4756-81aa-4d8f63bf8a01,FIX_49,5.0
8fece599-5604-4756-81aa-4d8f63bf8a01,FIX_77,5.0
8fece599-5604-4756-81aa-4d8f63bf8a01,FIX_92,5.0
8ff20290-628a-4669-a120-2f356d9bb582,DES_9,5.0
903aac33-9309-46ee-9e75-626f201a8761,DES_190,2.0
903eee15-4b9b-4b7d-b90c-a8b77d9003b5,DES_120,5.0
903eee15-4b9b-4b7d-b90c-a8b77d9003b5,DES_149,5.0
903eee15-4b9b-4b7d-b90c-a8b77d9003b5,DES_84,5.0
903eee15-4b9b-4b7d-b90c-a8b77d9003b5,FIX_18,5.0
903eee15-4b9b-4b7d-b90c-a8b77d9003b5,FIX_64,5.0
903eee15-4b9b-4b7d-b90c-a8b77d9003b5,FIX_79,5.0
903eee15-4b9b-4b7d-b90c-a8b77d9003b5,FIX_80,3.0
903eee15-4b9b-4b7d-b90c-a8b77d9003b5,FIX_9,1.0
90af2147-ef38-4f8a-ba13-b42204209dd1,FIX_37,3.0
9169e143-92d4-4e23-a217-305b5d74f6cb,DES_7,5.0
9169e143-92d4-4e23-a217-305b5d74f6cb,FIX_97,5.0
933db1dc-e616-4e25-8442-e658d3f20db8,DES_124,3.0
953eaf1b-8453-4144-b455-20bba1943f4b,DES_99,5.0
953eaf1b-8453-4144-b455-20bba1943f4b,FIX_41,1.0
953eaf1b-8453-4144-b455-20bba1943f4b,FIX_42,5.0
953eaf1b-8453-4144-b455-20bba1943f4b,FIX_96,5.0
9559b15f-bd57-4b0c-88ef-e502abff795a,FIX_17,5.0
95e93471-7ee3-4c49-a491-694c51043f79,DES_136,2.0
95e93471-7ee3-4c49-a491-694c51043f79,FIX_97,5.0
96198d24-f90a-453a-9bf0-18de3a38f7bc,DES_87,3.0
9633998b-aa8e-4fcc-b0fe-78ba6a6010da,DES_79,5.0
9633998b-aa8e-4fcc-b0fe-78ba6a6010da,DES_90,5.0
9633998b-aa8e-4fcc-b0fe-78ba6a6010da,FIX_21,5.0
96d24f61-dfe5-4eed-94a4-bf79cb3d0095,FIX_82,1.0
970cd562-6a4c-4c03-892a-411ee34a41de,DES_193,5.0
970cd562-6a4c-4c03-892a-411ee34a41de,DES_3,5.0
970cd562-6a4c-4c03-892a-411ee34a41de,DES_82,5.0
970cd562-6a4c-4c03-892a-411ee34a41de,FIX_34,1.0
9948543a-20d4-4a44-9146-e1b2f8e32897,FIX_10,1.0
99cd2c5b-4e63-4689-bab2-054e1e5c6577,DES_145,3.0
99cd2c5b-4e63-4689-bab2-054e1e5c6577,DES_3,1.0
99cd2c5b-4e63-4689-bab2-054e1e5c6577,DES_47,5.0
99cd2c5b-4e63-4689-bab2-054e1e5c6577,FIX_30,3.0
99cd2c5b-4e63-4689-bab2-054e1e5c6577,FIX_56,5.0
9a22b65a-f770-43e1-bc40-fea38cb7fba8,DES_117,5.0
9a6bdbca-a7d5-4ede-984d-e23ce9986759,DES_24,2.0
9a6bdbca-a7d5-4ede-984d-e23ce9986759,DES_67,2.0
9a824964-1140-4020-8bdd-de9d11782a12,FIX_95,2.0
9adf2e16-ac4c-41e8-9c76-ab2e2ee40ea2,DES_34,2.0
9b35d3a8-187f-4a62-82f5-7a88181acc6f,DES_41,3.0
9c32f748-ecac-4a1c-aff3-094ed3d7261b,DES_185,5.0
9c32f748-ecac-4a1c-aff3-094ed3d7261b,DES_200,5.0
9d795c23-1b89-4f68-8dcc-ee422c4e0ea3,DES_111,5.0
9d795c23-1b89-4f68-8dcc-ee422c4e0ea3,DES_13,2.0
9d795c23-1b89-4f68-8dcc-ee422c4e0ea3,DES_184,1.0
9d795c23-1b89-4f68-8dcc-ee422c4e0ea3,DES_60,5.0
9d795c23-1b89-4f68-8dcc-ee422c4e0ea3,FIX_46,2.0
9d795c23-1b89-4f68-8dcc-ee422c4e0ea3,FIX_90,5.0
9e5af7fc-3b27-4046-9494-bd83fca5b151,FIX_15,2.0
a019b7db-6f35-4db6-9152-418132853cf8,DES_56,5.0
a019b7db-6f35-4db6-9152-418132853cf8,FIX_23,5.0
a019b7db-6f35-4db6-9152-418132853cf8,FIX_86,5.0
a0921ee4-17e2-4998-8ba6-732dc1a1de75,DES_104,5.0
a0921ee4-17e2-4998-8ba6-732dc1a1de75,DES_120,5.0
a0921ee4-17e2-4998-8ba6-732dc1a1de75,DES_147,5.0
a0921ee4-17e2-4998-8ba6-732dc1a1de75,DES_175,5.0
a0921ee4-17e2-4998-8ba6-732dc1a1de75,DES_87,5.0
a0921ee4-17e2-4998-8ba6-732dc1a1de75,FIX_21,3.0
a0921ee4-17e2-4998-8ba6-732dc1a1de75,FIX_32,1.0
a0921ee4-17e2-4998-8ba6-732dc1a1de75,FIX_99,5.0
a0ad55c1-b93e-409d-a834-c7494e06ee21,DES_195,1.0
a0ad55c1-b93e-409d-a834-c7494e06ee21,DES_3,3.0
a0ad55c1-b93e-409d-a834-c7494e06ee21,DES_46,1.0
a0ad55c1-b93e-409d-a834-c7494e06ee21,DES_82,2.0
a0ad55c1-b93e-409d-a834-c7494e06ee21,FIX_65,2.0
a1291286-0031-42a9-8ed7-40f2425443b8,DES_136,2.0
a1291286-0031-42a9-8ed7-40f2425443b8,FIX_47,5.0
a14456a6-8f06-4919-8492-4dcd03448036,DES_106,2.0
a14456a6-8f06-4919-8492-4dcd03448036,FIX_25,2.0
a14456a6-8f06-4919-8492-4dcd03448036,FIX_60,1.0
a14456a6-8f06-4919-8492-4dcd03448036,FIX_76,2.0
a21ff46c-8412-4d6a-8f0d-383ce64c6f17,DES_154,5.0
a21ff46c-8412-4d6a-8f0d-383ce64c6f17,FIX_58,5.0
a2f8195a-73f6-493b-9fd6-26d70935dbbf,DES_194,1.0
a3fa4e23-4677-46c6-a9fe-b9b84e059521,DES_151,2.0
a3fa4e23-4677-46c6-a9fe-b9b84e059521,DES_80,5.0
a3fa4e23-4677-46c6-a9fe-b9b84e059521,FIX_49,2.0
a40a634b-3df0-496a-9b45-66c32a62cc9a,DES_175,5.0
a40a634b-3df0-496a-9b45-66c32a62cc9a,FIX_17,5.0
a40a634b-3df0-496a-9b45-66c32a62cc9a,FIX_53,5.0
a5ce3a2a-eefd-405d-a3f9-f79f21edffa4,FIX_12,5.0
a5ce3a2a-eefd-405d-a3f9-f79f21edffa4,FIX_53,5.0
a63187e7-6fa6-4a3f-aeff-d16578e7872c,DES_101,3.0
a63187e7-6fa6-4a3f-aeff-d16578e7872c,FIX_95,1.0
a700ce79-4c5e-477c-8011-5516ec9a81af,DES_174,2.0
a8adee2a-eb7e-430c-9a9f-f9009f2c7e13,DES_16,5.0
a8adee2a-eb7e-430c-9a9f-f9009f2c7e13,DES_26,5.0
a8adee2a-eb7e-430c-9a9f-f9009f2c7e13,DES_56,3.0
a8adee2a-eb7e-430c-9a9f-f9009f2c7e13,DES_99,1.0
a8adee2a-eb7e-430c-9a9f-f9009f2c7e13,FIX_3,3.0
a9085a40-cf9f-4ecb-a55c-b76468364b4d,DES_151,2.0
a9085a40-cf9f-4ecb-a55c-b76468364b4d,FIX_58,1.0
a999c2d7-4d10-4468-b641-272cf491ec87,DES_173,1.0
a999c2d7-4d10-4468-b641-272cf491ec87,DES_60,1.0
a999c2d7-4d10-4468-b641-272cf491ec87,FIX_60,2.0
a9c551fb-2cd0-45bb-b798-a4399c20687d,DES_63,1.0
a9c551fb-2cd0-45bb-b798-a4399c20687d,DES_75,5.0
a9c551fb-2cd0-45bb-b798-a4399c20687d,FIX_36,5.0
a9c551fb-2cd0-45bb-b798-a4399c20687d,FIX_68,5.0
aafc7ece-bbf2-4148-8e0d-f30968dfd00e,DES_150,2.0
ab5d46f6-e782-474a-bd99-a24a920c35d6,DES_182,5.0
ab5d46f6-e782-474a-bd99-a24a920c35d6,DES_37,1.0
ab5d46f6-e782-474a-bd99-a24a920c35d6,DES_6,2.0
abffc2da-881b-4bfa-8df5-d19a5c4fbfda,FIX_54,1.0
ac135a09-1bac-4e8f-b118-b35d5aee3f4f,DES_11,5.0
ac135a09-1bac-4e8f-b118-b35d5aee3f4f,DES_13,5.0
ac135a09-1bac-4e8f-b118-b35d5aee3f4f,DES_175,5.0
ac135a09-1bac-4e8f-b118-b35d5aee3f4f,DES_180,5.0
ac135a09-1bac-4e8f-b118-b35d5aee3f4f,DES_6,5.0
ac135a09-1bac-4e8f-b118-b35d5aee3f4f,DES_67,5.0
ac135a09-1bac-4e8f-b118-b35d5aee3f4f,FIX_47,3.0
ac135a09-1bac-4e8f-b118-b35d5aee3f4f,FIX_9,1.0
ac65c2c6-1dd6-4bde-b65f-1838ea9ece13,FIX_31,5.0
ac65c2c6-1dd6-4bde-b65f-1838ea9ece13,FIX_66,3.0
acc40b07-e801-4aed-8177-045ec5574594,DES_138,5.0
acc40b07-e801-4aed-8177-045ec5574594,DES_36,1.0
acc40b07-e801-4aed-8177-045ec5574594,DES_80,1.0
acc40b07-e801-4aed-8177-045ec5574594,DES_85,1.0
acc40b07-e801-4aed-8177-045ec5574594,DES_88,3.0
acc40b07-e801-4aed-8177-045ec5574594,DES_95,5.0
acc40b07-e801-4aed-8177-045ec5574594,DES_98,1.0
acc40b07-e801-4aed-8177-045ec5574594,FIX_45,5.0
acc75d08-0671-48f7-bc29-8dda09506721,DES_4,5.0
acc75d08-0671-48f7-bc29-8dda09506721,DES_69,5.0
acc75d08-0671-48f7-bc29-8dda09506721,FIX_99,2.0
ae0db436-85c7-4eb5-b33c-b073a00f557b,DES_119,5.0
ae0db436-85c7-4eb5-b33c-b073a00f557b,DES_199,2.0
ae0db436-85c7-4eb5-b33c-b073a00f557b,FIX_29,5.0
aff0bef2-2f21-41a5-8d95-4bcf3e6f908c,DES_108,1.0
b02fd7c7-8a33-4491-a07d-a4456b088943,FIX_95,1.0
b02fd7c7-8a33-4491-a07d-a4456b088943,FIX_98,5.0
b070f093-139c-4f51-af8d-de99c9d80483,DES_123,3.0
b070f093-139c-4f51-af8d-de99c9d80483,FIX_19,1.0
b12c0af5-b0fb-4392-b730-02d436e31a0b,DES_33,5.0
b12c0af5-b0fb-4392-b730-02d436e31a0b,FIX_41,1.0
b12c0af5-b0fb-4392-b730-02d436e31a0b,FIX_78,5.0
b12c0af5-b0fb-4392-b730-02d436e31a0b,FIX_88,5.0
b1542b7d-4e14-4b0e-b303-d5f28d3abbc9,DES_182,3.0
b1542b7d-4e14-4b0e-b303-d5f28d3abbc9,FIX_32,3.0
b1b9c945-136e-4b32-aa3c-179d6c257bdd,DES_122,1.0
b1d6e90f-2cce-4ad2-ad45-c3951c6cb982,DES_101,5.0
b1d6e90f-2cce-4ad2-ad45-c3951c6cb982,DES_19,3.0
b1d6e90f-2cce-4ad2-ad45-c3951c6cb982,FIX_100,5.0
b1d6e90f-2cce-4ad2-ad45-c3951c6cb982,FIX_36,3.0
b1d6e90f-2cce-4ad2-ad45-c3951c6cb982,FIX_61,5.0
b1fe7732-1a76-430c-ab37-8cecc106771a,DES_161,5.0
b1fe7732-1a76-430c-ab37-8cecc106771a,FIX_13,5.0
b1fe7732-1a76-430c-ab37-8cecc106771a,FIX_16,5.0
b32e9c2b-2f5d-4416-82fb-fb6d2bcb1b05,DES_172,3.0
b32e9c2b-2f5d-4416-82fb-fb6d2bcb1b05,DES_71,7.0
b32e9c2b-2f5d-4416-82fb-fb6d2bcb1b05,DES_72,5.0
b32e9c2b-2f5d-4416-82fb-fb6d2bcb1b05,FIX_12,5.0
b3b4e722-c3c3-4510-8cca-f3db181e82e5,FIX_28,2.0
b3b4e722-c3c3-4510-8cca-f3db181e82e5,FIX_72,5.0
b40f27a2-68b9-443d-b715-167cfb322159,FIX_77,3.0
b46efc6b-1db2-4359-b5b4-38aff0bcd1cc,DES_122,5.0
b46efc6b-1db2-4359-b5b4-38aff0bcd1cc,DES_20,5.0
b46efc6b-1db2-4359-b5b4-38aff0bcd1cc,DES_28,3.0
b4d83bab-5804-4d81-8ec3-e397c89820a7,DES_99,3.0
b4d83bab-5804-4d81-8ec3-e397c89820a7,FIX_40,1.0
b4d83bab-5804-4d81-8ec3-e397c89820a7,FIX_43,3.0
b4d83bab-5804-4d81-8ec3-e397c89820a7,FIX_59,2.0
b4d83bab-5804-4d81-8ec3-e397c89820a7,FIX_73,2.0
b5af0717-957f-4bf6-8c66-b52e39a1fbca,DES_184,5.0
b5af0717-957f-4bf6-8c66-b52e39a1fbca,DES_96,3.0
b5e78e14-d2cb-4736-8749-f2d91c32f0c1,DES_106,5.0
b5e78e14-d2cb-4736-8749-f2d91c32f0c1,DES_110,5.0
b5e78e14-d2cb-4736-8749-f2d91c32f0c1,DES_46,3.0
b5e78e14-d2cb-4736-8749-f2d91c32f0c1,DES_97,1.0
b5e78e14-d2cb-4736-8749-f2d91c32f0c1,FIX_78,5.0
b6a02551-3f0c-4129-9e17-87f9a406adfa,DES_106,5.0
b6a02551-3f0c-4129-9e17-87f9a406adfa,DES_40,2.0
b6a02551-3f0c-4129-9e17-87f9a406adfa,DES_65,3.0
b6a02551-3f0c-4129-9e17-87f9a406adfa,FIX_82,1.0
b6dc9a4d-7fee-4a7d-8dad-e27aaea95824,FIX_21,1.0
b6dc9a4d-7fee-4a7d-8dad-e27aaea95824,FIX_73,3.0
b6dc9a4d-7fee-4a7d-8dad-e27aaea95824,FIX_90,1.0
b7e3e5fc-abcf-42be-bd32-1803f0d3b3b8,DES_131,3.0
b7e3e5fc-abcf-42be-bd32-1803f0d3b3b8,DES_149,5.0
b7e3e5fc-abcf-42be-bd32-1803f0d3b3b8,FIX_77,5.0
b85d82b8-fcdc-456c-91b8-a4b1425acb21,DES_169,5.0
b85d82b8-fcdc-456c-91b8-a4b1425acb21,DES_185,5.0
b85d82b8-fcdc-456c-91b8-a4b1425acb21,DES_29,5.0
b85d82b8-fcdc-456c-91b8-a4b1425acb21,FIX_25,5.0
b85d82b8-fcdc-456c-91b8-a4b1425acb21,FIX_4,5.0
b91cfa23-55a7-4c7a-9bda-9d443cac35b5,DES_59,3.0
b91cfa23-55a7-4c7a-9bda-9d443cac35b5,FIX_18,3.0
b91cfa23-55a7-4c7a-9bda-9d443cac35b5,FIX_56,1.0
b92f5d41-b990-4c00-91fb-89eab2818abd,DES_195,2.0
b9a3aec4-8484-4044-84dd-4171e57f10ad,DES_9,2.0
b9a3aec4-8484-4044-84dd-4171e57f10ad,FIX_91,5.0
b9f7c010-ead5-42d5-ab7c-2eaed5a1c29c,FIX_13,3.0
b9f7c010-ead5-42d5-ab7c-2eaed5a1c29c,FIX_69,2.0
b9f7c010-ead5-42d5-ab7c-2eaed5a1c29c,FIX_7,2.0
ba4a037d-e477-46aa-a287-5cba243624dd,DES_191,1.0
ba4a037d-e477-46aa-a287-5cba243624dd,FIX_54,5.0
ba4a037d-e477-46aa-a287-5cba243624dd,FIX_89,5.0
ba4a037d-e477-46aa-a287-5cba243624dd,FIX_98,5.0
ba957d34-2365-4f0a-8c9a-2a38bf25e55c,DES_136,2.0
ba957d34-2365-4f0a-8c9a-2a38bf25e55c,FIX_89,2.0
ba957d34-2365-4f0a-8c9a-2a38bf25e55c,FIX_99,2.0
bb021008-fb28-4f0d-8dbf-0912b71a93eb,FIX_28,2.0
bb218ae1-d6ec-4d67-a018-9f2916d0457e,DES_67,2.0
bbd83e6e-bed2-4034-9373-4f004533007a,DES_35,5.0
bbd83e6e-bed2-4034-9373-4f004533007a,FIX_19,5.0
bbd83e6e-bed2-4034-9373-4f004533007a,FIX_62,5.0
bcf9c178-dd52-4687-b82a-d6fa941ee0b6,DES_1,5.0
bcf9c178-dd52-4687-b82a-d6fa941ee0b6,DES_114,5.0
bcf9c178-dd52-4687-b82a-d6fa941ee0b6,DES_143,5.0
bcf9c178-dd52-4687-b82a-d6fa941ee0b6,DES_191,3.0
bcf9c178-dd52-4687-b82a-d6fa941ee0b6,FIX_30,5.0
bcf9c178-dd52-4687-b82a-d6fa941ee0b6,FIX_99,5.0
bd06c2d4-04d5-4c36-957c-f0cf5dd621d3,DES_188,2.0
bd06c2d4-04d5-4c36-957c-f0cf5dd621d3,FIX_27,1.0
be344ce5-8954-4802-a9b8-6894e6df7c96,DES_92,2.0
be55aff2-ccb4-4c1b-adb9-c072cdc60fa7,DES_29,1.0
be55aff2-ccb4-4c1b-adb9-c072cdc60fa7,DES_81,5.0
be55aff2-ccb4-4c1b-adb9-c072cdc60fa7,FIX_29,5.0
be55aff2-ccb4-4c1b-adb9-c072cdc60fa7,FIX_88,5.0
be95c30a-d50a-4828-83a6-66fbec207b58,DES_71,1.0
be95c30a-d50a-4828-83a6-66fbec207b58,DES_74,1.0
be95c30a-d50a-4828-83a6-66fbec207b58,FIX_35,5.0
be95c30a-d50a-4828-83a6-66fbec207b58,FIX_59,5.0
be9eeefa-fa85-4f5c-8cd6-64dbd3f80d58,DES_198,3.0
beac8881-abe0-4b76-ae5a-4288df3bcc92,FIX_37,5.0
bf577e0d-6230-446a-962a-df8f81c6e0d6,FIX_21,5.0
bf577e0d-6230-446a-962a-df8f81c6e0d6,FIX_84,5.0
c00deeb6-3da9-4e9a-8c66-04c772aa1b39,DES_188,5.0
c00deeb6-3da9-4e9a-8c66-04c772aa1b39,DES_9,5.0
c00deeb6-3da9-4e9a-8c66-04c772aa1b39,FIX_4,5.0
c00deeb6-3da9-4e9a-8c66-04c772aa1b39,FIX_57,2.0
c14cb5e2-eb40-4a5a-8eb4-26f952c9d0d9,DES_180,3.0
c14cb5e2-eb40-4a5a-8eb4-26f952c9d0d9,DES_33,2.0
c17f402c-03ff-443b-ae08-f56394c208cc,DES_141,1.0
c17f402c-03ff-443b-ae08-f56394c208cc,DES_24,3.0
c17f402c-03ff-443b-ae08-f56394c208cc,DES_6,1.0
c17f402c-03ff-443b-ae08-f56394c208cc,DES_71,5.0
c17f402c-03ff-443b-ae08-f56394c208cc,FIX_52,2.0
c17f402c-03ff-443b-ae08-f56394c208cc,FIX_88,5.0
c17f402c-03ff-443b-ae08-f56394c208cc,FIX_99,5.0
c43e8c8f-812d-4a84-83d8-cc12ed5a34fd,DES_69,2.0
c50c2bf5-7336-4cfa-86c3-d4635f1ad64f,FIX_82,2.0
c54a7dec-8661-48cb-876e-00b1edcccb1b,DES_65,5.0
c54a7dec-8661-48cb-876e-00b1edcccb1b,FIX_66,5.0
c54a7dec-8661-48cb-876e-00b1edcccb1b,FIX_83,5.0
c54a7dec-8661-48cb-876e-00b1edcccb1b,FIX_85,2.0
c56f94a8-c5f2-4f96-a99f-3af514042be3,DES_155,1.0
c5b4f4f1-0406-4bc3-a71c-24a95639b593,DES_147,1.0
c5b4f4f1-0406-4bc3-a71c-24a95639b593,DES_200,5.0
c5b4f4f1-0406-4bc3-a71c-24a95639b593,FIX_41,5.0
c5b4f4f1-0406-4bc3-a71c-24a95639b593,FIX_86,5.0
c5d105a6-5e71-4591-8b48-62fa10c91f3f,DES_134,1.0
c5d105a6-5e71-4591-8b48-62fa10c91f3f,FIX_50,2.0
c5d105a6-5e71-4591-8b48-62fa10c91f3f,FIX_59,2.0
c5d105a6-5e71-4591-8b48-62fa10c91f3f,FIX_97,2.0
c6dc6a86-f5ed-460b-8bf7-8e103eaa7474,DES_3,2.0
c6dc6a86-f5ed-460b-8bf7-8e103eaa7474,FIX_84,2.0
c7ec7af3-977c-483a-ab28-7ecb84f377e0,DES_199,1.0
c7ec7af3-977c-483a-ab28-7ecb84f377e0,FIX_65,5.0
c8c2ea99-ef3f-496c-99b4-529201516fb0,FIX_18,3.0
c8c2ea99-ef3f-496c-99b4-529201516fb0,FIX_49,2.0
c8d8f7f8-42de-4ffd-8268-3c7cafa809e3,FIX_58,1.0
c8eb7e37-0576-4bd8-8b76-74b1eebb88a4,DES_84,2.0
c8eb7e37-0576-4bd8-8b76-74b1eebb88a4,DES_89,1.0
ca65a149-6905-4ff2-8655-074f68493337,DES_121,5.0
ca65a149-6905-4ff2-8655-074f68493337,DES_181,5.0
ca65a149-6905-4ff2-8655-074f68493337,DES_46,1.0
ca65a149-6905-4ff2-8655-074f68493337,FIX_15,2.0
cb767a1e-52ff-400f-b104-46d08b73b395,DES_158,1.0
cb767a1e-52ff-400f-b104-46d08b73b395,DES_90,3.0
cbc4fa6d-deaf-48ee-aa6a-fe7a0ac6d49f,FIX_19,3.0
cbe1e781-bcde-4985-b9f8-af591bfb1b70,DES_77,3.0
cbe1e781-bcde-4985-b9f8-af591bfb1b70,FIX_59,3.0
cdcaea68-1f43-4dc6-a152-97cf4601f047,DES_173,5.0
cdcaea68-1f43-4dc6-a152-97cf4601f047,FIX_13,5.0
cdcaea68-1f43-4dc6-a152-97cf4601f047,FIX_75,1.0
cdcaea68-1f43-4dc6-a152-97cf4601f047,FIX_94,5.0
ce2e0c9f-0160-41ab-b776-f96717433042,DES_134,2.0
ce2e0c9f-0160-41ab-b776-f96717433042,DES_23,5.0
ce2e0c9f-0160-41ab-b776-f96717433042,DES_6,1.0
ce2e0c9f-0160-41ab-b776-f96717433042,FIX_14,5.0
ce2e0c9f-0160-41ab-b776-f96717433042,FIX_63,5.0
ce62b526-c81e-4cfd-b17b-74090365e7fa,FIX_7,2.0
ce96eb3c-c71a-4784-98d2-64afc521d321,DES_146,5.0
ce96eb3c-c71a-4784-98d2-64afc521d321,DES_44,1.0
ce96eb3c-c71a-4784-98d2-64afc521d321,FIX_80,5.0
d00699f8-d69b-48db-bbfd-b4fae4980ce2,DES_133,2.0
d00699f8-d69b-48db-bbfd-b4fae4980ce2,FIX_61,3.0
d00699f8-d69b-48db-bbfd-b4fae4980ce2,FIX_65,3.0
d036c360-ef11-4234-9c03-abba6d6759b7,DES_87,1.0
d036c360-ef11-4234-9c03-abba6d6759b7,FIX_69,1.0
d12a98d5-487a-49ec-8535-3fd628711a6a,DES_179,1.0
d12a98d5-487a-49ec-8535-3fd628711a6a,DES_42,3.0
d1976154-eb96-46f3-a753-03c15f566305,FIX_32,3.0
d1976154-eb96-46f3-a753-03c15f566305,FIX_58,2.0
d1976154-eb96-46f3-a753-03c15f566305,FIX_94,5.0
d1d28250-28b5-4a5a-b0bd-a975fca3a123,DES_196,1.0
d1d28250-28b5-4a5a-b0bd-a975fca3a123,FIX_64,3.0
d2913213-3511-4172-b159-0ee754c0152c,DES_111,5.0
d2913213-3511-4172-b159-0ee754c0152c,DES_16,5.0
d2913213-3511-4172-b159-0ee754c0152c,FIX_22,1.0
d2913213-3511-4172-b159-0ee754c0152c,FIX_8,3.0
d2913213-3511-4172-b159-0ee754c0152c,FIX_99,5.0
d2b8ceb0-9873-4168-9752-bb269caec912,DES_195,3.0
d311e6ac-b848-4b12-aad6-7dabf408a19d,DES_48,10.0
d311e6ac-b848-4b12-aad6-7dabf408a19d,FIX_99,5.0
d463302a-ef74-4505-ba7b-46691a620067,DES_157,5.0
d463302a-ef74-4505-ba7b-46691a620067,FIX_50,5.0
d4af9739-f848-4cc3-80c4-86398ba871e7,DES_142,2.0
d4af9739-f848-4cc3-80c4-86398ba871e7,DES_154,2.0
d4af9739-f848-4cc3-80c4-86398ba871e7,DES_52,1.0
d5677c67-57d8-43c5-ad4e-5c1d4c5d8976,FIX_59,3.0
d5e9fec6-dc04-4e64-ac16-7fc4b2429186,DES_68,5.0
d5e9fec6-dc04-4e64-ac16-7fc4b2429186,FIX_35,5.0
d69f61f5-d507-4b32-a327-f07bbb974f11,FIX_92,3.0
d6d22168-927f-4cfb-bb5e-b2c036b06b93,DES_107,5.0
d6d22168-927f-4cfb-bb5e-b2c036b06b93,DES_158,5.0
d6d22168-927f-4cfb-bb5e-b2c036b06b93,FIX_19,5.0
d6fdb0f0-79b2-48b4-a0a9-4413678c0087,DES_1,5.0
d6fdb0f0-79b2-48b4-a0a9-4413678c0087,DES_164,1.0
d6fdb0f0-79b2-48b4-a0a9-4413678c0087,DES_22,5.0
d6fdb0f0-79b2-48b4-a0a9-4413678c0087,DES_23,5.0
d6fdb0f0-79b2-48b4-a0a9-4413678c0087,DES_76,3.0
d6fdb0f0-79b2-48b4-a0a9-4413678c0087,DES_90,5.0
d6fdb0f0-79b2-48b4-a0a9-4413678c0087,FIX_1,5.0
d7240e25-4e8a-4992-90f0-eb69608ca5fb,DES_109,2.0
d7240e25-4e8a-4992-90f0-eb69608ca5fb,FIX_44,1.0
d7e1a3c3-b264-4995-9418-5ef18aae8509,DES_66,1.0
d84bb385-9f80-4961-a997-cae617d196f8,FIX_27,3.0
d9bf2720-979c-4499-b258-1b5f31eb87df,DES_174,1.0
d9bf2720-979c-4499-b258-1b5f31eb87df,FIX_59,1.0
dba5e18b-bb17-4428-a8f8-25e3dd4fe798,DES_52,2.0
dba5e18b-bb17-4428-a8f8-25e3dd4fe798,DES_75,2.0
dba5e18b-bb17-4428-a8f8-25e3dd4fe798,FIX_69,3.0
dd781e97-9f4c-43a5-a433-0b8846c1b4a0,FIX_74,3.0
dd7f8190-59d5-4a04-88f9-e603376a0ed5,DES_167,1.0
dd7f8190-59d5-4a04-88f9-e603376a0ed5,DES_41,1.0
dd7f8190-59d5-4a04-88f9-e603376a0ed5,FIX_2,3.0
de5232a9-2011-4ecc-b1d8-56c6882b0835,DES_52,1.0
de5232a9-2011-4ecc-b1d8-56c6882b0835,FIX_4,5.0
de5232a9-2011-4ecc-b1d8-56c6882b0835,FIX_57,1.0
de5232a9-2011-4ecc-b1d8-56c6882b0835,FIX_81,3.0
de5232a9-2011-4ecc-b1d8-56c6882b0835,FIX_92,1.0
e088fd59-b787-40af-b5da-33537b42b7fb,DES_175,5.0
e088fd59-b787-40af-b5da-33537b42b7fb,FIX_68,3.0
e2c6e8a2-e1fc-4006-92e7-06217d73dc08,DES_7,5.0
e2c6e8a2-e1fc-4006-92e7-06217d73dc08,FIX_57,2.0
e2c6e8a2-e1fc-4006-92e7-06217d73dc08,FIX_6,1.0
e2c6e8a2-e1fc-4006-92e7-06217d73dc08,FIX_77,5.0
e2fb928e-baf2-4a81-9f19-7ba38191932b,FIX_32,3.0
e3162d87-aacd-4922-ab97-880e975f8c12,DES_24,5.0
e3162d87-aacd-4922-ab97-880e975f8c12,DES_95,3.0
e3162d87-aacd-4922-ab97-880e975f8c12,FIX_12,5.0
e339adbe-83bb-40ed-81b8-3db2be7e3e00,DES_76,2.0
e339adbe-83bb-40ed-81b8-3db2be7e3e00,FIX_20,3.0
e339adbe-83bb-40ed-81b8-3db2be7e3e00,FIX_79,1.0
e497027f-9b23-443f-91fc-18147b0e2e2e,DES_18,2.0
e497027f-9b23-443f-91fc-18147b0e2e2e,DES_198,1.0
e497027f-9b23-443f-91fc-18147b0e2e2e,FIX_60,2.0
e4a58473-e2f5-472e-b9b7-00fabe4321d9,DES_14,2.0
e4a58473-e2f5-472e-b9b7-00fabe4321d9,DES_182,3.0
e4a58473-e2f5-472e-b9b7-00fabe4321d9,DES_60,3.0
e4a58473-e2f5-472e-b9b7-00fabe4321d9,FIX_11,5.0
e4a58473-e2f5-472e-b9b7-00fabe4321d9,FIX_33,5.0
e4a58473-e2f5-472e-b9b7-00fabe4321d9,FIX_73,5.0
e56240bf-7976-4b58-a8f2-2d6a769e86e5,FIX_29,3.0
e5e3678c-0d15-407c-925e-86c1233b3744,DES_55,3.0
e5e3678c-0d15-407c-925e-86c1233b3744,DES_66,1.0
e5e3678c-0d15-407c-925e-86c1233b3744,FIX_74,1.0
e6420407-74d0-4228-abdf-979cdd16c55b,DES_123,2.0
e6420407-74d0-4228-abdf-979cdd16c55b,FIX_77,3.0
e6b99ea3-7937-4a7a-80ce-a5ae4f576767,FIX_58,2.0
e75b9cbd-fd66-44fd-ac7b-69a6628c7ede,FIX_5,3.0
e75b9cbd-fd66-44fd-ac7b-69a6628c7ede,FIX_73,1.0
e8568390-a5f5-43c9-afc1-fc542ad07f00,DES_126,3.0
e8568390-a5f5-43c9-afc1-fc542ad07f00,DES_69,3.0
e8568390-a5f5-43c9-afc1-fc542ad07f00,FIX_56,5.0
e87fe7bd-0b85-43f9-b6d9-6eaea7784520,DES_103,2.0
e87fe7bd-0b85-43f9-b6d9-6eaea7784520,DES_69,2.0
e88f6ba7-fd74-45af-a302-76807c5f3d70,DES_124,2.0
e88f6ba7-fd74-45af-a302-76807c5f3d70,FIX_15,5.0
e8b48264-8708-4ad0-b48f-d1b98864d6cc,FIX_11,5.0
e8b48264-8708-4ad0-b48f-d1b98864d6cc,FIX_25,5.0
e8b48264-8708-4ad0-b48f-d1b98864d6cc,FIX_35,5.0
e8d40b4e-360f-4a3d-b6d0-b989c714357a,DES_176,2.0
e8d40b4e-360f-4a3d-b6d0-b989c714357a,FIX_79,1.0
e8f4e8bc-967b-41df-a373-f97c9aef04bb,DES_68,2.0
ea13b230-02e1-40a7-8f94-6734539892ad,DES_180,5.0
ea13b230-02e1-40a7-8f94-6734539892ad,FIX_35,1.0
eb471754-4e03-4124-b082-0911e41d3a5b,FIX_34,5.0
eb86e074-39fa-4205-9df8-1f604077dce9,FIX_51,2.0
eb86e074-39fa-4205-9df8-1f604077dce9,FIX_97,3.0
ebd09290-2a28-48f9-87fe-5304a0a6706d,DES_133,5.0
ebd09290-2a28-48f9-87fe-5304a0a6706d,DES_172,5.0
ebd09290-2a28-48f9-87fe-5304a0a6706d,DES_193,5.0
ebd821e1-6ac5-4c18-bfbd-85a5e2bcb1c9,DES_116,1.0
ebd821e1-6ac5-4c18-bfbd-85a5e2bcb1c9,FIX_73,3.0
ebd821e1-6ac5-4c18-bfbd-85a5e2bcb1c9,FIX_88,2.0
ebe0d669-b488-4dc3-9561-fa44faf6e0bc,DES_68,1.0
ec53ff88-1205-44bb-ace1-0365f640647e,DES_100,2.0
ec53ff88-1205-44bb-ace1-0365f640647e,DES_38,1.0
ec53ff88-1205-44bb-ace1-0365f640647e,FIX_23,1.0
ec91b5c4-62e8-4d7b-992e-f3949aab51e5,FIX_24,1.0
ee046e7b-5805-4c25-a55e-f734f0b6b147,DES_111,5.0
ee046e7b-5805-4c25-a55e-f734f0b6b147,DES_152,5.0
ee046e7b-5805-4c25-a55e-f734f0b6b147,DES_177,3.0
ee046e7b-5805-4c25-a55e-f734f0b6b147,DES_3,5.0
ee046e7b-5805-4c25-a55e-f734f0b6b147,DES_50,5.0
ee046e7b-5805-4c25-a55e-f734f0b6b147,FIX_63,5.0
ee046e7b-5805-4c25-a55e-f734f0b6b147,FIX_67,5.0
ee277640-9b20-4567-842c-c74302a1167d,DES_140,2.0
ee277640-9b20-4567-842c-c74302a1167d,DES_144,1.0
ee31b4b1-903c-44ef-9f08-2a03daa7dae2,DES_72,1.0
ee31b4b1-903c-44ef-9f08-2a03daa7dae2,FIX_39,1.0
ee31b4b1-903c-44ef-9f08-2a03daa7dae2,FIX_48,1.0
ee65ff92-eae8-4691-8ef9-a76855c23f9d,DES_16,1.0
ee65ff92-eae8-4691-8ef9-a76855c23f9d,FIX_37,3.0
ee65ff92-eae8-4691-8ef9-a76855c23f9d,FIX_96,3.0
eec60799-5e56-4c95-ab43-0b97163a366d,DES_31,1.0
f1b8ae05-4151-4ba0-98fa-d0314aa04f9f,DES_11,1.0
f1e6e609-849b-407d-a169-cb338d1a05e5,DES_110,2.0
f1e6e609-849b-407d-a169-cb338d1a05e5,FIX_65,2.0
f2bd203e-3bbb-4ba7-8988-39458876f2ed,DES_163,5.0
f2bd203e-3bbb-4ba7-8988-39458876f2ed,DES_199,5.0
f2da3477-523f-4b71-bafb-02291ad20381,FIX_85,2.0
f37b2542-36ee-41e1-afd1-e1ff9c32d12d,DES_184,2.0
f37b2542-36ee-41e1-afd1-e1ff9c32d12d,FIX_15,5.0
f37b2542-36ee-41e1-afd1-e1ff9c32d12d,FIX_8,5.0
f405ca57-438c-439e-87b2-5becae4c7489,DES_102,1.0
f405ca57-438c-439e-87b2-5becae4c7489,DES_106,3.0
f411679e-b3c8-4c2d-9ffa-9dc2d92bc447,DES_183,5.0
f411679e-b3c8-4c2d-9ffa-9dc2d92bc447,DES_85,5.0
f411679e-b3c8-4c2d-9ffa-9dc2d92bc447,FIX_25,5.0
f4263886-d811-44ab-bd50-de2767738d5a,DES_144,3.0
f4263886-d811-44ab-bd50-de2767738d5a,FIX_43,1.0
f42dafa6-2a57-4e6f-8324-81a93ff08d2a,DES_162,3.0
f674209f-261d-4405-8d88-a037355f5660,DES_167,2.0
f7abb3f6-e2a8-4cd2-82c9-bedf94f6f7f0,FIX_70,2.0
f7b1b5b4-d6e9-48a9-85f0-25408c0c6e03,DES_33,1.0
f7bfb39d-4b80-4d4f-9fa6-bf72c335777f,DES_97,3.0
f7bfb39d-4b80-4d4f-9fa6-bf72c335777f,FIX_94,5.0
f7ece50b-c3a7-442d-85e0-0830ddf7a33f,DES_162,1.0
f7ece50b-c3a7-442d-85e0-0830ddf7a33f,FIX_12,1.0
f7ece50b-c3a7-442d-85e0-0830ddf7a33f,FIX_22,2.0
f9076393-6135-436f-902d-a0aa29c0c4b1,FIX_35,3.0
f9076393-6135-436f-902d-a0aa29c0c4b1,FIX_91,3.0
f9ae1a4a-246d-4412-9986-e7f901306cfe,FIX_47,1.0
f9d0c772-42f6-4f48-9c14-de0ad188da0f,DES_35,1.0
f9d0c772-42f6-4f48-9c14-de0ad188da0f,FIX_60,2.0
fa46f086-a121-4855-a977-1878ea24d51b,DES_123,2.0
fa46f086-a121-4855-a977-1878ea24d51b,DES_5,5.0
fa46f086-a121-4855-a977-1878ea24d51b,FIX_5,2.0
faad87a5-b3d5-4767-8f49-49d4fec09de6,DES_68,3.0
faad87a5-b3d5-4767-8f49-49d4fec09de6,DES_7,2.0
faad87a5-b3d5-4767-8f49-49d4fec09de6,FIX_86,1.0
facf8ea3-5208-41b1-9170-46c1caa8d6a0,DES_8,1.0
facf8ea3-5208-41b1-9170-46c1caa8d6a0,FIX_92,3.0
fb87315e-acf7-4538-9d01-b59552e10c7f,DES_188,5.0
fb87315e-acf7-4538-9d01-b59552e10c7f,FIX_73,5.0
fb87315e-acf7-4538-9d01-b59552e10c7f,FIX_85,5.0
fd0e1f7c-e18c-427f-9523-421e011ccf1f,DES_159,3.0
fd54baa1-c072-40a0-9222-fc9b5a88ddc5,DES_15,5.0
fd54baa1-c072-40a0-9222-fc9b5a88ddc5,DES_28,5.0
fd54baa1-c072-40a0-9222-fc9b5a88ddc5,DES_39,5.0
fd54baa1-c072-40a0-9222-fc9b5a88ddc5,DES_7,3.0
fd54baa1-c072-40a0-9222-fc9b5a88ddc5,FIX_51,5.0
fd54baa1-c072-40a0-9222-fc9b5a88ddc5,FIX_57,3.0
fe027322-93c4-4512-9e6d-cad84bb06206,DES_171,5.0
fe027322-93c4-4512-9e6d-cad84bb06206,DES_74,5.0
fe027322-93c4-4512-9e6d-cad84bb06206,DES_83,5.0
fec8e989-45db-4384-9b15-00acd8db0b62,DES_182,2.0
ff6cd695-bb36-47d2-8a17-7b409f3ee793,DES_143,5.0
ff6cd695-bb36-47d2-8a17-7b409f3ee793,DES_26,2.0
ff6cd695-bb36-47d2-8a17-7b409f3ee793,DES_33,2.0
ff6cd695-bb36-47d2-8a17-7b409f3ee793,DES_44,5.0
ff6cd695-bb36-47d2-8a17-7b409f3ee793,DES_89,5.0
ff6cd695-bb36-47d2-8a17-7b409f3ee793,FIX_38,5.0
ff6cd695-bb36-47d2-8a17-7b409f3ee793,FIX_55,5.0
ffb76ede-9a4d-44e7-ba53-3d846fe19baf,DES_121,5.0
ffb76ede-9a4d-44e7-ba53-3d846fe19baf,DES_28,2.0
ffb76ede-9a4d-44e7-ba53-3d846fe19baf,DES_30,5.0
ffb76ede-9a4d-44e7-ba53-3d846fe19baf,FIX_23,5.0
