userId,price_norm,cat_Accessories,cat_Activewear,cat_Dresses,cat_Footwear,cat_Hoodies,cat_Jeans,cat_Suits,cat_T-Shirts,style_CASUAL,style_FORMAL,style_GYM,style_PARTY,style_SPORTY,aud_KIDS,aud_MEN,aud_UNISEX,aud_WOMEN
02d4a965-af47-4b66-b2f5-fc1380b0a86f,0.4953589824374793,0.0,0.0,0.39343835499768337,0.2458989718735521,0.2458989718735521,0.0,0.0,0.0,0.2458989718735521,0.39343835499768337,0.0,0.0,0.2458989718735521,0.2458989718735521,0.2458989718735521,0.14753938312413128,0.2458989718735521
032aa3cc-69fd-47bd-917c-a2dfa3687e8c,0.5839871130107226,0.3314008277593267,0.0,0.0,0.0,0.0,0.0,0.3314008277593267,0.0,0.3314008277593267,0.3314008277593267,0.0,0.0,0.0,0.3314008277593267,0.0,0.0,0.3314008277593267
06cc326f-90bc-4a16-b553-bd6d54fcc17b,0.08928269318819557,0.0,0.0,0.575044520217656,0.0,0.0,0.0,0.0,0.0,0.575044520217656,0.0,0.0,0.0,0.0,0.0,0.0,0.0,0.575044520217656
06d0444f-9941-436e-8bf9-d76295bd4711,0.44247191923106166,0.10300361193887121,0.1442050567144197,0.37081300297993636,0.0,0.10300361193887121,0.10300361193887121,0.1442050567144197,0.0,0.5150180596943561,0.20600722387774242,0.04120144477554848,0.10300361193887121,0.10300361193887121,0.10300361193887121,0.24720866865329091,0.30901083581661365,0.30901083581661365
07c44e84-c819-4979-baf5-de700fec9af1,0.43461483918253085,0.0,0.0,0.29628105104452046,0.0,0.0,0.29628105104452046,0.29628105104452046,0.0,0.4740496816712328,0.1185124204178082,0.0,0.0,0.29628105104452046,0.29628105104452046,0.29628105104452046,0.1185124204178082,0.1777686306267123
09afee19-8a92-4b58-8531-634db48fd3f2,0.21338094330739354,0.20371213417501954,0.6111364025250586,0.0,0.20371213417501954,0.0,0.0,0.0,0.0,0.4074242683500391,0.20371213417501954,0.0,0.0,0.0,0.4074242683500391,0.20371213417501954,0.20371213417501954,0.20371213417501954
09e599d0-60e4-4453-be8b-148983228f41,0.3216457701975735,0.0,0.3865540062557042,0.0,0.0,0.0,0.0,0.0,0.3865540062557042,0.0,0.3865540062557042,0.0,0.0,0.3865540062557042,0.3865540062557042,0.0,0.3865540062557042,0.0
0a4914de-9daf-4a42-93b6-52391158ccaa,0.37077632124977017,0.10716025352484683,0.17860042254141137,0.17860042254141137,0.0,0.0,0.0,0.03572008450828228,0.0,0.1428803380331291,0.17860042254141137,0.0,0.17860042254141137,0.0,0.0,0.03572008450828228,0.642961521149081,0.5358012676242342
0b3207b6-9e22-42e0-9623-ac947b894bbd,0.22881239992013147,0.0,0.0,0.292698979522414,0.0,0.0,0.0,0.20907069965886715,0.0,0.292698979522414,0.0,0.0,0.20907069965886715,0.0,0.6272120989766015,0.5017696791812811,0.0,0.20907069965886715
0b32408c-cec5-4b78-9a6b-22aa8fbbf1a6,0.44128930536737365,0.11320118839587785,0.13584142607505342,0.11320118839587785,0.2490426144709313,0.33960356518763357,0.0,0.0,0.11320118839587785,0.36224380286680913,0.13584142607505342,0.11320118839587785,0.11320118839587785,0.11320118839587785,0.11320118839587785,0.36224380286680913,0.11320118839587785,0.47544499126268697
0dc259b2-aa7d-48c7-8f79-2f23dd6f8d16,0.3257426087382772,0.0,0.0,0.0,0.0,0.0,0.0,0.0,0.5458607126524683,0.5458607126524683,0.0,0.0,0.0,0.0,0.0,0.5458607126524683,0.0,0.0
0ea12c33-4376-4550-92c4-c62098cbbba9,0.114324218982554,0.0,0.0,0.5957137064582226,0.0,0.09164826253203424,0.04582413126601712,0.0,0.0,0.13747239379805137,0.0,0.13747239379805137,0.0,0.0,0.45824131266017126,0.13747239379805137,0.5957137064582226,0.0
0ec8e41d-634a-441f-80f9-4aef8aa89573,0.29501469795148016,0.16494728188455812,0.0,0.0,0.0,0.0,0.27491213647426355,0.0,0.0,0.0,0.0,0.16494728188455812,0.0,0.27491213647426355,0.16494728188455812,0.8247364094227907,0.0,0.0
0ec9d586-bca2-4fd8-af9b-f979fd881bb6,0.3630271612034169,0.0,0.33174531046405387,0.0,0.0,0.0,0.0,0.4423270806187385,0.0,0.22116354030936924,0.22116354030936924,0.0,0.0,0.33174531046405387,0.0,0.0,0.22116354030936924,0.5529088507734231
0f819c50-2a2a-4a74-a99e-f039e0321891,0.03421944743945564,0.0,0.5741485385873815,0.0,0.0,0.0,0.05741485385873815,0.0,0.0,0.0,0.05741485385873815,0.0,0.0,0.0,0.0,0.5741485385873815,0.05741485385873815,0.5741485385873815
0fd03282-c238-468a-ae91-b88126381a3c,0.30601931112680997,0.0,0.0,0.0,0.0,0.549652066073764,0.0,0.0,0.0,0.549652066073764,0.0,0.0,0.0,0.0,0.549652066073764,0.0,0.0,0.0
0ff3d511-84ad-43bb-a250-7e40185b40b6,0.5639571204053171,0.0,0.0,0.17818038042277384,0.0,0.0,0.3563607608455477,0.10690822825366432,0.17818038042277384,0.28508860867643815,0.0,0.0,0.3563607608455477,0.17818038042277384,0.0,0.17818038042277384,0.3563607608455477,0.28508860867643815
105a5529-908e-4388-89a0-3fc89a5b5daf,0.30256089251496915,0.0,0.0,0.0,0.0,0.0,0.0,0.0,0.5502898952129823,0.5502898952129823,0.0,0.0,0.0,0.0,0.0,0.0,0.5502898952129823,0.0
10603d5b-54c2-4749-98f4-a26314131189,0.1479522748198848,0.0,0.0,0.4596247235236767,0.137887417057103,0.0,0.0,0.0,0.09192494470473535,0.22981236176183836,0.0,0.0,0.0,0.0,0.6894370852855151,0.0,0.0,0.4596247235236767
110b1f9d-792a-461f-9b01-9943268e81d3,0.30636482246594415,0.5495879048752227,0.0,0.0,0.0,0.0,0.0,0.0,0.0,0.5495879048752227,0.0,0.0,0.0,0.0,0.0,0.0,0.5495879048752227,0.0
11108726-db2d-4f16-ae86-9138fabab1b9,0.19716345634797447,0.0,0.06910704888878105,0.17276762222195263,0.0,0.034553524444390527,0.3800887688882958,0.0,0.2764281955551242,0.587409915554639,0.17276762222195263,0.17276762222195263,0.0,0.0,0.034553524444390527,0.17276762222195263,0.31098171999951474,0.4146422933326864
12184ece-80c6-42c6-82f7-58c475f35de1,0.10716676260558901,0.0,0.0,0.2883507334248873,0.0,0.0,0.0,0.0,0.0,0.2883507334248873,0.0,0.0,0.0,0.0,0.0,0.0,0.4805845557081455,0.7689352891330329
126b02fb-9f0c-418e-bc2d-a75770fc8ba6,0.13232643152656023,0.0,0.1657132845302337,0.0,0.0,0.0,0.0,0.0,0.0552377615100779,0.2209510460403116,0.0,0.0,0.0,0.0,0.0,0.552377615100779,0.0,0.7733286611410906
12e4ec28-6e59-479b-bf3a-4cfe2a2f38cf,0.19350988345109463,0.5664373825371886,0.0,0.0,0.0,0.0,0.0,0.0,0.0,0.5664373825371886,0.0,0.0,0.0,0.0,0.5664373825371886,0.0,0.0,0.0
137e5ef8-b876-43b5-89c0-44d3d8f95094,0.12192266162380072,0.0,0.0,0.0,0.0,0.0,0.0,0.0,0.5730430072814687,0.5730430072814687,0.0,0.0,0.0,0.0,0.0,0.0,0.0,0.5730430072814687
1401ef6c-3e96-4aa7-a4e0-652e8a584b0b,0.39090194608367723,0.0,0.5314118517521647,0.0,0.0,0.0,0.0,0.0,0.0,0.0,0.0,0.0,0.5314118517521647,0.0,0.0,0.0,0.0,0.5314118517521647
1464c126-b2cc-4069-8902-ecc4f4737da3,0.10079677597197279,0.0,0.0,0.0,0.0,0.39083639538278814,0.0,0.0,0.23450183722967288,0.625338232612461,0.0,0.0,0.0,0.0,0.0,0.0,0.625338232612461,0.0
152769f7-42e9-42b8-ae88-4a01b3904010,0.472598663649525,0.0,0.0,0.0,0.5088059561747428,0.0,0.0,0.0,0.0,0.5088059561747428,0.0,0.0,0.0,0.0,0.5088059561747428,0.0,0.0,0.0
15a7fcea-0c46-4eef-b947-3c38830d1925,0.6106633242872581,0.0,0.3023589092065181,0.0,0.18897431825407382,0.11338459095244428,0.0,0.0,0.18897431825407382,0.11338459095244428,0.3023589092065181,0.0,0.37794863650814764,0.0,0.37794863650814764,0.11338459095244428,0.11338459095244428,0.18897431825407382
1617d146-b7d2-4f70-a0e5-a5f9a40ef167,0.09157254235275117,0.0,0.0,0.0,0.0,0.0,0.5749244789497874,0.0,0.0,0.5749244789497874,0.0,0.0,0.0,0.0,0.0,0.0,0.5749244789497874,0.0
16266b80-0c23-481f-bc3f-cf522a4ba209,0.16156344556169383,0.0,0.0,0.0,0.0,0.0,0.2264017450483977,0.0,0.0,0.2264017450483977,0.0,0.0,0.0,0.0,0.0,0.2264017450483977,0.9056069801935908,0.0
1669d2cf-0281-4e0c-a56d-92e3dea36608,0.05623016386567886,0.0,0.0,0.09837703224096661,0.0,0.0,0.0,0.0,0.0,0.09837703224096661,0.0,0.0,0.0,0.0,0.0,0.983770322409666,0.0,0.09837703224096661
16c889b6-2848-432d-89d5-3c1bfdf2dee5,0.11104973167048332,0.0,0.5737792714670901,0.0,0.0,0.0,0.0,0.0,0.0,0.5737792714670901,0.0,0.0,0.0,0.0,0.0,0.0,0.0,0.5737792714670901
18d3904a-7cbc-49b5-afc1-7986ae11a155,0.358072523016748,0.0,0.0,0.0,0.0,0.0,0.5390683531984977,0.0,0.0,0.5390683531984977,0.0,0.0,0.0,0.0,0.0,0.5390683531984977,0.0,0.0
1a126594-6a83-48df-8ffe-536203df9338,0.09914283768697031,0.0,0.0,0.0,0.0,0.0,0.0,0.0,0.5745057869552969,0.5745057869552969,0.0,0.0,0.0,0.0,0.0,0.0,0.5745057869552969,0.0
1a1c8c37-af89-44d1-85ba-1091699e9d3b,0.12375755186463845,0.0,0.0,0.29476073073663417,0.4912678845610569,0.0,0.0,0.0,0.0,0.29476073073663417,0.0,0.0,0.4912678845610569,0.0,0.29476073073663417,0.4912678845610569,0.0,0.0
1a5b1cf5-82d7-439d-90da-0ad7d5ba8c43,0.3281774336695204,0.33870965544191783,0.0,0.0,0.11290321848063926,0.0,0.0,0.22580643696127853,0.0,0.6774193108838357,0.0,0.0,0.0,0.0,0.0,0.45161287392255706,0.22580643696127853,0.0
1a722496-8564-46c7-8610-4040101d3c23,0.18694388025829062,0.0,0.0,0.0,0.0,0.0,0.0,0.0,0.5671719273829803,0.5671719273829803,0.0,0.0,0.0,0.0,0.0,0.0,0.5671719273829803,0.0
1a760b05-f69f-472f-840d-6604774c77fb,0.3104708093233796,0.0,0.517964959656229,0.0,0.21581873319009542,0.043163746638019085,0.043163746638019085,0.0,0.0,0.47480121301821,0.0,0.2589824798281145,0.0,0.08632749327603817,0.3021462264661336,0.08632749327603817,0.0,0.43163746638019085
1a852a91-e5b4-48e4-b5f7-fd0416cf92fa,0.3586208809526828,0.0,0.0,0.5389468321781911,0.0,0.0,0.0,0.0,0.0,0.0,0.0,0.5389468321781911,0.0,0.0,0.5389468321781911,0.0,0.0,0.0
1ae4466c-1f80-483e-abf7-04b9caedddd8,0.2450946601206487,0.0,0.0,0.0,0.0,0.40727110660944776,0.0,0.0,0.27151407107296516,0.678785177682413,0.0,0.0,0.0,0.0,0.27151407107296516,0.40727110660944776,0.0,0.0
1b0856b8-c3fe-469f-8c58-0fe46226326b,0.3508231641347969,0.0,0.24382865719236912,0.0,0.12191432859618456,0.0,0.24382865719236912,0.0,0.0,0.0,0.6095716429809228,0.0,0.0,0.0,0.0,0.0,0.0,0.6095716429809228
1b53e096-6f66-4b2b-8544-b20823d7f3f2,0.04091208098257454,0.0,0.576866882862264,0.0,0.0,0.0,0.0,0.0,0.0,0.576866882862264,0.0,0.0,0.0,0.0,0.0,0.0,0.576866882862264,0.0
1b61f579-5517-4d0f-8831-dde61604d5b0,0.4289862745866325,0.0,0.0,0.2160561277900318,0.0,0.0,0.0,0.3024785789060445,0.2160561277900318,0.5185347066960764,0.0,0.2160561277900318,0.0,0.0,0.5185347066960764,0.2160561277900318,0.0,0.0
1c0e3e03-14f9-4e5b-9f7c-5e8135788b0f,0.1110497316704833,0.0,0.57377927146709,0.0,0.0,0.0,0.0,0.0,0.0,0.57377927146709,0.0,0.0,0.0,0.0,0.0,0.0,0.0,0.57377927146709
1c62df07-fea7-4582-bad8-920e7fa0aaee,0.30380068749150796,0.0,0.17111636695909668,0.0,0.0,0.34223273391819337,0.0,0.34223273391819337,0.0,0.34223273391819337,0.0,0.17111636695909668,0.0,0.0,0.34223273391819337,0.0,0.51334910087729,0.34223273391819337
1c9330ad-0671-46d9-9158-72abab0a5ccd,0.3226486047668988,0.15775313677476288,0.0,0.0,0.47325941032428864,0.0,0.0,0.0,0.0,0.0,0.6310125470990515,0.0,0.0,0.0,0.0,0.15775313677476288,0.0,0.47325941032428864
1cdb9abb-b80d-4b28-941f-cccae091b8be,0.3105209272520055,0.18812959357109402,0.18812959357109402,0.09406479678554701,0.09406479678554701,0.09406479678554701,0.09406479678554701,0.0,0.0188129593571094,0.6772665368559385,0.0,0.0,0.0,0.09406479678554701,0.09406479678554701,0.09406479678554701,0.47032398392773506,0.3010073497137504
1cdca19b-3f56-44dd-b7db-953b4c908ff9,0.4205387221749849,0.0,0.3429175625947418,0.25718817194605637,0.0,0.1714587812973709,0.0,0.08572939064868546,0.0,0.4286469532434273,0.0,0.1714587812973709,0.0,0.25718817194605637,0.0,0.1714587812973709,0.1714587812973709,0.5143763438921127
1d473620-8fc0-46e3-9031-aafe9dd796f3,0.18182868563654572,0.0,0.0,0.0,0.08911789156020834,0.0,0.22279472890052085,0.4455894578010417,0.0,0.22279472890052085,0.08911789156020834,0.0,0.0,0.0,0.4455894578010417,0.0,0.6683841867015625,0.08911789156020834
1d6473a7-68f1-44b3-8266-18399bb6046f,0.1328718575917054,0.0,0.0,0.572231034186988,0.0,0.0,0.0,0.0,0.0,0.572231034186988,0.0,0.0,0.0,0.0,0.0,0.572231034186988,0.0,0.0
1d83dc80-264e-4911-9072-e2b8ee95bfc8,0.07962078737278153,0.0,0.3915899314542949,0.0,0.0,0.0,0.0,0.0,0.23495395887257692,0.6265438903268719,0.0,0.0,0.0,0.0,0.6265438903268719,0.0,0.0,0.0
1e6290fd-2bc1-46c3-bc29-b979b3de2451,0.25154010927055265,0.29181681262366055,0.0,0.0,0.29181681262366055,0.0,0.0,0.0,0.29181681262366055,0.29181681262366055,0.29181681262366055,0.29181681262366055,0.0,0.0,0.29181681262366055,0.0,0.0,0.5836336252473211
1f64c9e7-cf8a-4b88-9d50-4df7195d155a,0.30310533696150094,0.0,0.24605245439478346,0.0,0.0,0.0,0.0,0.0,0.4921049087895669,0.4921049087895669,0.0,0.0,0.24605245439478346,0.0,0.0,0.0,0.4921049087895669,0.24605245439478346
20a68942-b4d6-4034-a585-b3c3846e6e74,0.3384856583895597,0.0,0.0,0.3841500269132244,0.0,0.0,0.0,0.0,0.3841500269132244,0.3841500269132244,0.0,0.0,0.3841500269132244,0.0,0.0,0.3841500269132244,0.3841500269132244,0.0
20bcace4-a99c-4f56-a2fd-1316c2d1a2bc,0.047265394794875196,0.0,0.0,0.09611750054812757,0.0,0.09611750054812757,0.0,0.0,0.0,0.19223500109625513,0.0,0.0,0.0,0.0,0.09611750054812757,0.9611750054812757,0.09611750054812757,0.0
218a6f31-2fbf-4133-b266-6a6e9f904b97,0.18960323191118775,0.0,0.0,0.0,0.0,0.0,0.0,0.0,0.5668775924450334,0.5668775924450334,0.0,0.0,0.0,0.0,0.0,0.0,0.5668775924450334,0.0
22744f40-a2e2-4208-a39c-287809a4d47e,0.039262238315772545,0.0,0.0,0.0,0.07013212290572152,0.0,0.0,0.0,0.0,0.07013212290572152,0.0,0.0,0.0,0.0,0.7013212290572152,0.07013212290572152,0.7013212290572152,0.0
2306af5e-811d-4181-ae4f-ada1776105b4,0.2632703389769103,0.15492117006001663,0.10328078004001108,0.0,0.0,0.0,0.2582019501000277,0.2582019501000277,0.0,0.671325070260072,0.10328078004001108,0.0,0.0,0.0,0.15492117006001663,0.0,0.5164039002000554,0.10328078004001108
23c95308-602b-4675-9f61-b0d22fb44cff,0.0693264171281442,0.0,0.0,0.0,0.09302612292713101,0.18605224585426203,0.0,0.0,0.0,0.18605224585426203,0.0,0.0,0.09302612292713101,0.0,0.0,0.09302612292713101,0.18605224585426203,0.9302612292713102
24c0836e-66e6-4144-8db7-481281e7a046,0.3039703435108309,0.0,0.0,0.5500309173934096,0.0,0.0,0.0,0.0,0.0,0.0,0.0,0.0,0.0,0.5500309173934096,0.5500309173934096,0.0,0.0,0.0
24df938d-9a8c-4405-9e1a-a3e74c3a135b,0.45260073681319657,0.0,0.23023937876858389,0.0,0.46047875753716777,0.0,0.0,0.0,0.0,0.0,0.0,0.46047875753716777,0.23023937876858389,0.0,0.0,0.23023937876858389,0.0,0.46047875753716777
252abfb1-0185-40bb-9a1c-72fdbec3adc0,0.4765514792732717,0.0,0.0,0.0,0.0,0.0,0.4539893354408101,0.22699466772040505,0.0,0.0,0.0,0.22699466772040505,0.0,0.4539893354408101,0.22699466772040505,0.4539893354408101,0.0,0.0
267a3b27-e636-468b-8874-ea92a6f85796,0.06832776662053504,0.0,0.0,0.0,0.0,0.0,0.0,0.0,0.5760009595792498,0.5760009595792498,0.0,0.0,0.0,0.0,0.0,0.0,0.5760009595792498,0.0
2707b7d2-4ed4-49ff-81f8-a4896bd1cac2,0.40226816604513965,0.22607201563945362,0.09042880625578145,0.27128641876734433,0.0,0.22607201563945362,0.0,0.0,0.0,0.22607201563945362,0.045214403127890726,0.5425728375346887,0.0,0.0,0.45214403127890723,0.3165008218952351,0.0,0.045214403127890726
2785c50d-5e98-4a63-853c-de6c1f91aefb,0.29253546089762306,0.0,0.0,0.0,0.56396823965999,0.0,0.0,0.1409920599149975,0.0,0.0,0.4934722097024912,0.0,0.0,0.21148808987249626,0.0,0.0,0.21148808987249626,0.4934722097024912
27cc0538-aee5-447e-81af-f6f296185181,0.4160887726441369,0.0,0.0,0.0,0.0,0.0,0.5249984550070904,0.0,0.0,0.0,0.0,0.5249984550070904,0.0,0.0,0.0,0.5249984550070904,0.0,0.0
291133a3-89e9-4e8d-8b35-d65fc2d31bb0,0.04978730834367337,0.0,0.0,0.07486021520019574,0.0,0.0,0.0,0.0,0.37430107600097867,0.07486021520019574,0.0,0.0,0.0,0.0,0.37430107600097867,0.07486021520019574,0.37430107600097867,0.7486021520019573
29ea72de-380f-4a13-8bb9-d4f1571e43ae,0.3233474130000678,0.0,0.0,0.0,0.0,0.0,0.0,0.5463351994597466,0.0,0.5463351994597466,0.0,0.0,0.0,0.0,0.0,0.5463351994597466,0.0,0.0
2a291b4f-bca2-4d38-af33-0eb60135b326,0.2073366821749987,0.0,0.21874774287117385,0.21874774287117385,0.0,0.0,0.21874774287117385,0.21874774287117385,0.0,0.4374954857423477,0.21874774287117385,0.0,0.0,0.21874774287117385,0.21874774287117385,0.6562432286135216,0.0,0.0
2a3e66df-5373-4427-953d-92f6056fbfaa,0.44295594140760064,0.0,0.45463047178828514,0.0,0.0,0.0,0.30308698119219013,0.0,0.0,0.45463047178828514,0.0,0.0,0.30308698119219013,0.0,0.30308698119219013,0.15154349059609507,0.0,0.30308698119219013
2a8a8e7b-e99f-4587-94cc-284b757ad673,0.006987901052848546,0.0,0.09853052206812979,0.0,0.0,0.0,0.0,0.0,0.0,0.09853052206812979,0.0,0.0,0.0,0.0,0.0,0.9853052206812979,0.09853052206812979,0.0
2babb6f0-71b5-45d7-9fbc-a0c3d7011410,0.357516130557859,0.0,0.2417793479793344,0.4835586959586688,0.0,0.04835586959586688,0.0,0.04835586959586688,0.0,0.5319145655545356,0.0,0.2417793479793344,0.0,0.04835586959586688,0.2417793479793344,0.0,0.33849108717106813,0.2417793479793344
2c016d79-c1e2-419b-bc27-aba326c197d0,0.08471020881855942,0.0,0.0,0.0,0.0,0.0,0.0,0.0,0.5752750589998713,0.0,0.0,0.0,0.5752750589998713,0.0,0.0,0.0,0.0,0.5752750589998713
2c32264e-c809-4a51-b502-fef36eee1948,0.14552602812325058,0.0,0.571204042684886,0.0,0.0,0.0,0.0,0.0,0.0,0.0,0.0,0.571204042684886,0.0,0.0,0.0,0.0,0.0,0.571204042684886
2e244e65-bec6-478c-aa8c-42c7821bb97e,0.15168940049302,0.0,0.186795373697881,0.0,0.373590747395762,0.0,0.0,0.0,0.186795373697881,0.186795373697881,0.186795373697881,0.0,0.0,0.0,0.747181494791524,0.0,0.0,0.373590747395762
2e5d2bad-e3e4-4707-a422-b78d68bbada5,0.21006552399142694,0.5644680314627236,0.0,0.0,0.0,0.0,0.0,0.0,0.0,0.5644680314627236,0.0,0.0,0.0,0.0,0.0,0.5644680314627236,0.0,0.0
2eb6e369-cda8-493d-a65c-fd0abeb0cb5c,0.06843377219688493,0.0,0.06564092334371274,0.0,0.0,0.0,0.0,0.3938455400622765,0.0,0.3938455400622765,0.06564092334371274,0.0,0.0,0.0,0.3938455400622765,0.0,0.7220501567808403,0.0
2ecdc211-3782-4581-b886-0627c835c4c1,0.21906583713785657,0.0,0.35496668093415323,0.23664445395610217,0.0,0.0,0.0,0.0,0.11832222697805109,0.7099333618683065,0.0,0.0,0.0,0.0,0.35496668093415323,0.0,0.35496668093415323,0.0
2f14b770-04aa-44cf-bd02-5c978eeba86f,0.37796268936008476,0.0,0.2791454826709692,0.0,0.0,0.2791454826709692,0.2791454826709692,0.0,0.0,0.2791454826709692,0.0,0.0,0.5582909653419384,0.0,0.2791454826709692,0.2791454826709692,0.2791454826709692,0.0
2f2e7fc2-3ad0-4ab5-901e-a47b306eb920,0.3234099984294995,0.0,0.2470838061149723,0.0,0.0,0.0,0.0,0.4118063435249538,0.0,0.0,0.0,0.6588901496399261,0.0,0.0,0.4118063435249538,0.2470838061149723,0.0,0.0
2fb6ca72-e52b-4f5c-9bad-c3b37d0c4193,0.21016268886891504,0.0,0.0,0.0,0.5644559753152847,0.0,0.0,0.0,0.0,0.5644559753152847,0.0,0.0,0.0,0.0,0.0,0.0,0.0,0.5644559753152847
30dc026d-7583-43e6-a950-c4f30f06a1c5,0.4307057180764447,0.4704567000637271,0.0,0.28227402003823626,0.0,0.0,0.0,0.0,0.0,0.23522835003186354,0.0,0.23522835003186354,0.0,0.28227402003823626,0.0,0.23522835003186354,0.0,0.5175023700700998
318a0487-39ff-4ce3-a297-e8657ad5f167,0.27100892397428983,0.0,0.0,0.0,0.0,0.0,0.5557439947572677,0.0,0.0,0.5557439947572677,0.0,0.0,0.0,0.0,0.5557439947572677,0.0,0.0,0.0
32358b4e-a1aa-43b2-a23f-2440236b5882,0.2527640376165155,0.0,0.0,0.0,0.5586025245460904,0.0,0.0,0.0,0.0,0.0,0.0,0.0,0.0,0.5586025245460904,0.0,0.0,0.5586025245460904,0.0
3288d3f8-548b-42ae-92d7-82c03ae5f799,0.4943101970972229,0.0,0.0,0.0,0.5018822667537692,0.0,0.0,0.0,0.0,0.0,0.0,0.0,0.5018822667537692,0.0,0.0,0.0,0.5018822667537692,0.0
32acaeec-9952-4704-9847-bb6a1300a2de,0.04325487613606631,0.0,0.0,0.0,0.0,0.0,0.5768099096728644,0.0,0.0,0.5768099096728644,0.0,0.0,0.0,0.0,0.0,0.5768099096728644,0.0,0.0
3316aa64-c694-41b7-9538-db793850571f,0.3915099369801895,0.0,0.0,0.0,0.3756594133976875,0.0,0.0,0.3756594133976875,0.0,0.3756594133976875,0.0,0.0,0.0,0.3756594133976875,0.0,0.3756594133976875,0.0,0.3756594133976875
3369caad-b572-4d6e-b40e-b0b6de8d483d,0.33078611332069063,0.0,0.0,0.0,0.0,0.0,0.544848770221056,0.0,0.0,0.544848770221056,0.0,0.0,0.0,0.0,0.0,0.0,0.544848770221056,0.0
33c52765-9863-4445-bd29-83b9d0f91c77,0.328176991814539,0.0,0.0,0.0,0.0,0.0,0.0,0.5453744469150102,0.0,0.5453744469150102,0.0,0.0,0.0,0.0,0.0,0.0,0.5453744469150102,0.0
33c870a0-5a20-4e66-91d3-b734426ec4c1,0.17912102337738398,0.0,0.0,0.0,0.5680128105903477,0.0,0.0,0.0,0.0,0.0,0.0,0.5680128105903477,0.0,0.0,0.0,0.0,0.5680128105903477,0.0
35215fd8-a7ce-469e-a0bf-0f6128235822,0.15230333318282394,0.0,0.3125385887696753,0.0,0.0,0.0,0.0,0.3125385887696753,0.0,0.0,0.6250771775393505,0.0,0.0,0.0,0.0,0.0,0.0,0.6250771775393505
35b07e92-aa80-4523-8e1b-a66ed22179c5,0.48865025370801174,0.2630625451987859,0.0,0.0,0.2630625451987859,0.0,0.2630625451987859,0.0,0.0,0.2630625451987859,0.2630625451987859,0.0,0.0,0.2630625451987859,0.0,0.0,0.2630625451987859,0.5261250903975718
35e566b7-dedd-49fb-ac9e-469718fcbf1f,0.17004328804116928,0.0,0.0,0.15225770003333558,0.25376283338889266,0.25376283338889266,0.0,0.0,0.0,0.25376283338889266,0.25376283338889266,0.0,0.0,0.15225770003333558,0.15225770003333558,0.25376283338889266,0.0,0.7612885001666779
385393a0-2859-41c7-a09f-1c14671e04c7,0.34632163161723745,0.0,0.0,0.0,0.0,0.0,0.0,0.30043751472434493,0.4506562720865174,0.30043751472434493,0.0,0.0,0.4506562720865174,0.0,0.0,0.30043751472434493,0.4506562720865174,0.0
388b6aa9-13d1-424d-94ab-9e2d8e9aa424,0.21772708259990292,0.0,0.19922714397375416,0.3984542879475083,0.19922714397375416,0.0,0.0,0.0,0.0,0.19922714397375416,0.0,0.19922714397375416,0.0,0.0,0.7969085758950166,0.0,0.0,0.0
389ac902-1b4f-44b4-84c8-17a22b53bab6,0.29906371457379505,0.0,0.0,0.0,0.0,0.0,0.0,0.0,0.5509267630170468,0.5509267630170468,0.0,0.0,0.0,0.0,0.0,0.0,0.0,0.5509267630170468
39196c20-b0dd-4771-a417-d6bbd2c4f454,0.4134654272837712,0.0,0.0,0.31193894996051785,0.0,0.06238778999210357,0.0,0.0,0.31193894996051785,0.6238778999210357,0.0,0.06238778999210357,0.0,0.0,0.37432673995262145,0.0,0.31193894996051785,0.0
394c2986-2a6a-4aa8-abed-9aea8500cd4c,0.5247675418017907,0.0,0.0,0.3791749154182037,0.2275049492509222,0.0,0.0,0.0,0.15166996616728148,0.15166996616728148,0.3791749154182037,0.2275049492509222,0.0,0.0,0.3791749154182037,0.0,0.3791749154182037,0.0
39f8812f-aa08-4180-a220-98cedec7f394,0.30548088684176494,0.0,0.06944619177457698,0.3472309588728849,0.0,0.0,0.0,0.06944619177457698,0.3472309588728849,0.3472309588728849,0.48612334242203886,0.0,0.0,0.0,0.41667715064746186,0.0,0.3472309588728849,0.06944619177457698
3a0d95b6-236c-4741-abe3-c4a87e929b5b,0.357205578155428,0.0,0.0,0.2844785247958171,0.19913496735707195,0.0,0.08534355743874512,0.14223926239790854,0.14223926239790854,0.682748459509961,0.0,0.14223926239790854,0.02844785247958171,0.0,0.14223926239790854,0.14223926239790854,0.19913496735707195,0.3698220822345622
3a3859a4-edd5-4e0d-9837-d54964e9aa4b,0.42665870526934047,0.20223282982961618,0.0,0.0,0.20223282982961618,0.0,0.20223282982961618,0.20223282982961618,0.0,0.40446565965923237,0.20223282982961618,0.0,0.20223282982961618,0.0,0.20223282982961618,0.20223282982961618,0.40446565965923237,0.40446565965923237
3ae37438-f958-4010-b396-27df41e5f7ef,0.4905093479388342,0.16770792286598432,0.33541584573196864,0.0,0.0,0.33541584573196864,0.0,0.0,0.0,0.33541584573196864,0.0,0.16770792286598432,0.33541584573196864,0.0,0.0,0.16770792286598432,0.33541584573196864,0.33541584573196864
3b2585d6-9fb6-44e6-a896-a901c2593817,0.16461875461032474,0.0,0.0,0.0,0.0,0.1643928784641761,0.0,0.0,0.4931786353925284,0.6575715138567044,0.0,0.0,0.0,0.0,0.0,0.0,0.4931786353925284,0.1643928784641761
3ce421e3-52bf-4a0e-8f1d-fb8d12714582,0.26524165787951587,0.0,0.556670717427974,0.0,0.0,0.0,0.0,0.0,0.0,0.556670717427974,0.0,0.0,0.0,0.0,0.0,0.556670717427974,0.0,0.0
3e39ad46-764d-4365-9d05-d5a1a8743e0b,0.25164045956558345,0.0,0.0,0.0,0.5587715929040601,0.0,0.0,0.0,0.0,0.0,0.0,0.0,0.0,0.5587715929040601,0.0,0.0,0.0,0.5587715929040601
3ee88351-4ee9-49db-b3c8-baf499fe7598,0.1562212604866052,0.0,0.0,0.5702616118274069,0.0,0.0,0.0,0.0,0.0,0.5702616118274069,0.0,0.0,0.0,0.0,0.5702616118274069,0.0,0.0,0.0
3eee15bd-892e-418c-a05e-2918266c5abf,0.03469858970648264,0.0,0.0,0.0,0.0,0.5770026019214533,0.0,0.0,0.0,0.5770026019214533,0.0,0.0,0.0,0.0,0.0,0.0,0.5770026019214533,0.0
3efa7641-c765-405a-bde9-5c83f44f4cb3,0.45901850249877457,0.0,0.3479347512969771,0.06958695025939542,0.0,0.0,0.0,0.3479347512969771,0.0,0.0,0.4175217015563725,0.0,0.0,0.3479347512969771,0.3479347512969771,0.06958695025939542,0.0,0.3479347512969771
3f31db00-c624-4f21-aba2-033c51c5934a,0.04325487613606631,0.0,0.0,0.0,0.0,0.0,0.5768099096728643,0.0,0.0,0.5768099096728643,0.0,0.0,0.0,0.0,0.0,0.5768099096728643,0.0,0.0
3fec894f-1e00-48c0-b2f8-a7d979c19c06,0.3328640514352789,0.0,0.0,0.0,0.0,0.0,0.3849678608364798,0.3849678608364798,0.0,0.0,0.3849678608364798,0.0,0.3849678608364798,0.0,0.3849678608364798,0.0,0.0,0.3849678608364798
40948dfe-5de1-483a-8647-421af845a0cc,0.19801047482506096,0.0,0.4117663211936268,0.0,0.0,0.27451088079575126,0.0,0.0,0.0,0.0,0.0,0.686277201989378,0.0,0.0,0.27451088079575126,0.4117663211936268,0.0,0.0
409ffb66-0aae-4210-bbb0-fb224a5d659c,0.40425771363118074,0.0,0.19841438526711364,0.0,0.39682877053422727,0.0,0.0,0.09920719263355682,0.19841438526711364,0.19841438526711364,0.09920719263355682,0.09920719263355682,0.09920719263355682,0.19841438526711364,0.5952431558013409,0.29762157790067045,0.19841438526711364,0.0
41a4c9f9-6657-4f32-bf1c-888cbb607b96,0.1237820893219372,0.0,0.0,0.0,0.0,0.0,0.0,0.0,0.5729101134742098,0.0,0.0,0.0,0.5729101134742098,0.0,0.0,0.0,0.5729101134742098,0.0
433e4139-11c1-4f55-997c-e6bf8f5fe060,0.3854163345205265,0.06322529390307598,0.0,0.0,0.6322529390307597,0.0,0.0,0.0,0.0,0.31612646951537987,0.0,0.3793517634184559,0.0,0.0,0.06322529390307598,0.0,0.31612646951537987,0.31612646951537987
43892781-4915-4222-ab6d-78d806c42a74,0.49933845556429973,0.0,0.0,0.0,0.0,0.353709180635415,0.0,0.0,0.353709180635415,0.0,0.0,0.353709180635415,0.0,0.353709180635415,0.353709180635415,0.0,0.353709180635415,0.0
439a4cba-e8a9-4d0f-a457-0b96aef09fd4,0.3904754141090847,0.0,0.0,0.0,0.5315163688217385,0.0,0.0,0.0,0.0,0.0,0.0,0.0,0.5315163688217385,0.0,0.0,0.0,0.0,0.5315163688217385
45e56d47-35e4-4756-8606-839cd5ba10de,0.27629466256068036,0.0,0.26137739093341594,0.05227547818668319,0.0,0.0,0.0,0.0,0.5227547818668319,0.5227547818668319,0.0,0.05227547818668319,0.0,0.26137739093341594,0.31365286912009915,0.26137739093341594,0.26137739093341594,0.0
47357bf2-4607-4677-a631-4190e4100e6a,0.39860846926637816,0.0,0.0,0.19652597058038257,0.3275432843006376,0.06550865686012752,0.0,0.19652597058038257,0.0,0.2620346274405101,0.5240692548810202,0.0,0.0,0.0,0.39305194116076514,0.0,0.0,0.39305194116076514
48317463-f736-4d4d-b7ab-7ff900e3b5a6,0.274114853460048,0.0,0.056966011630592145,0.17089803489177643,0.0,0.0,0.5126941046753293,0.0,0.0,0.5696601163059215,0.0,0.0,0.17089803489177643,0.0,0.39876208141414504,0.0,0.34179606978355287,0.0
4914bb50-51e4-410c-874f-f612c183eb53,0.27930132415222225,0.06823869167894869,0.0,0.0,0.0,0.34119345839474347,0.0,0.0,0.0,0.0,0.0,0.06823869167894869,0.34119345839474347,0.0,0.7506256084684356,0.0,0.34119345839474347,0.0
491b98a4-faa3-4ba3-be19-bacc6cbb6805,0.2964630245847746,0.22535664323715027,0.09014265729486011,0.0,0.0,0.0,0.0,0.0,0.36057062917944044,0.5859272724165907,0.0,0.09014265729486011,0.0,0.0,0.22535664323715027,0.31549930053201036,0.13521398594229017,0.45071328647430053
4991e4e4-7729-47f7-8afd-00e2b45e331d,0.27715302459883123,0.0,0.42368434944379546,0.0,0.3026316781741396,0.0,0.0,0.0,0.0,0.3026316781741396,0.0,0.42368434944379546,0.0,0.0,0.0,0.12105267126965584,0.0,0.6052633563482792
4a84e88a-ae5d-45ab-8234-b760179ec010,0.10094589879409124,0.0,0.1474026287091433,0.0,0.0,0.5404763052668587,0.0,0.0,0.0,0.049134209569714433,0.0,0.1474026287091433,0.0,0.0,0.0,0.049134209569714433,0.4913420956971443,0.6387447244062876
4ad280c2-0c5f-493b-812f-3ecee64988ca,0.27393777658240137,0.0,0.5571634780971357,0.0,0.0,0.0,0.0,0.23878434775591534,0.0,0.23878434775591534,0.0,0.39797391292652556,0.0,0.15918956517061023,0.0,0.39797391292652556,0.39797391292652556,0.0
4ae4473c-b079-46a2-9ddb-999d73fc2955,0.2958177353589764,0.2613323738495087,0.21777697820792388,0.0,0.0,0.21777697820792388,0.04355539564158478,0.0,0.0,0.47910935205743255,0.0,0.21777697820792388,0.0,0.04355539564158478,0.43555395641584777,0.47910935205743255,0.04355539564158478,0.21777697820792388
4bd70751-5dcc-4057-afb5-0c1994e27b52,0.39208809403351585,0.0,0.2964017236425338,0.0,0.21171551688752416,0.0,0.0,0.21171551688752416,0.21171551688752416,0.4234310337750483,0.08468620675500967,0.0,0.21171551688752416,0.21171551688752416,0.5081172405300579,0.0,0.21171551688752416,0.21171551688752416
4c78e323-4a3f-42fc-bee5-35716f1adfde,0.05977455360493172,0.05003584149410745,0.25017920747053723,0.0,0.0,0.0,0.5003584149410745,0.0,0.0,0.3002150489646447,0.0,0.0,0.0,0.0,0.5003584149410745,0.5003584149410745,0.0,0.3002150489646447
4cd93c01-ce38-41fe-af41-10d2b160049e,0.31473915930288027,0.0,0.548008291178554,0.0,0.0,0.0,0.0,0.0,0.0,0.0,0.548008291178554,0.0,0.0,0.0,0.0,0.0,0.0,0.548008291178554
4d06b2fa-293a-4971-a26e-ee3afb93873f,0.49065702316816784,0.0,0.31330870491942897,0.44758386417061286,0.08951677283412257,0.0,0.0,0.0,0.0,0.31330870491942897,0.0,0.08951677283412257,0.22379193208530643,0.22379193208530643,0.31330870491942897,0.0,0.22379193208530643,0.31330870491942897
4d6a1cf2-d9a8-4949-a30f-07bdb2c636ea,0.24372352373829131,0.0,0.0,0.21224475813362437,0.0,0.1273468548801746,0.21224475813362437,0.0,0.21224475813362437,0.7640811292810477,0.0,0.0,0.0,0.0,0.21224475813362437,0.21224475813362437,0.339591613013799,0.0
4e45f04f-9627-40c3-85b8-6685b18be0fe,0.4192323474986315,0.0,0.0,0.0,0.14976119210769526,0.0,0.22464178816154287,0.22464178816154287,0.22464178816154287,0.599044768430781,0.22464178816154287,0.0,0.0,0.0,0.37440298026923813,0.22464178816154287,0.22464178816154287,0.0
4f1385a9-c984-4d5a-a9c0-63d47720bf2a,0.2994841170025452,0.0,0.0,0.0,0.0,0.33732574458214826,0.0,0.0,0.33732574458214826,0.6746514891642965,0.0,0.0,0.0,0.0,0.0,0.33732574458214826,0.33732574458214826,0.0
4fb937bb-5f95-4ad3-9334-e75e0484518f,0.25876870362264703,0.47821121913259007,0.28692673147955405,0.0,0.0,0.0,0.0,0.0,0.0,0.47821121913259007,0.0,0.0,0.0,0.28692673147955405,0.28692673147955405,0.0,0.0,0.47821121913259007
4fe392ff-ff77-4560-845d-f84f65d718ea,0.3723559770396608,0.0,0.19153186674278103,0.0,0.0,0.19153186674278103,0.0,0.19153186674278103,0.3064509867884497,0.38306373348556205,0.11491912004566862,0.19153186674278103,0.0,0.19153186674278103,0.5745956002283431,0.0,0.3064509867884497,0.0
4ffa0383-2366-484a-b6fc-0414690b44c8,0.169414428056827,0.0,0.0,0.0,0.0,0.0,0.0,0.0,0.5690046137968122,0.5690046137968122,0.0,0.0,0.0,0.0,0.5690046137968122,0.0,0.0,0.0
5165e4d7-d0b6-40a0-9ae3-b49ebfa207c7,0.5327509116133038,0.0,0.0,0.22035048602134655,0.0,0.0,0.0,0.22035048602134655,0.3305257290320198,0.22035048602134655,0.0,0.3305257290320198,0.0,0.22035048602134655,0.3305257290320198,0.0,0.0,0.4407009720426931
5212cd50-14c7-4c4e-9449-0c9d4e5fe480,0.09455140455257457,0.0,0.0,0.0,0.0,0.0,0.19384461768779254,0.4846115442194814,0.0,0.048461154421948135,0.14538346326584442,0.0,0.0,0.0,0.4846115442194814,0.0,0.6784561619072739,0.0
539d2fe5-efe8-4af9-9434-7102fbe0425f,0.42401102450801825,0.1654599378234948,0.0,0.1654599378234948,0.06618397512939792,0.0,0.0,0.4963798134704844,0.06618397512939792,0.3971038507763875,0.06618397512939792,0.1654599378234948,0.0,0.0,0.3309198756469896,0.23164391295289272,0.0,0.3971038507763875
54b77394-fc02-4a0e-a148-e5483e4571ca,0.4759462727542313,0.0,0.0,0.0,0.0,0.0,0.0,0.0,0.5077647570320186,0.0,0.0,0.0,0.5077647570320186,0.0,0.0,0.0,0.5077647570320186,0.0
55a0c5e8-d24c-47e4-9da1-f0718007cf95,0.06212369916982092,0.0,0.0938903826114025,0.46945191305701256,0.0,0.0,0.0,0.0,0.0,0.0938903826114025,0.0,0.0,0.0,0.0,0.0,0.46945191305701256,0.5633422956684151,0.46945191305701256
58b63381-463f-4654-94d5-22727c816063,0.11208352881063892,0.0,0.0,0.15566499207048187,0.2334974881057228,0.0,0.0,0.0,0.0,0.38916248017620464,0.0,0.0,0.0,0.0,0.38916248017620464,0.0,0.7783249603524093,0.0
58c55822-a9d1-40cc-817d-4bb19bf79788,0.28653018817874365,0.2142312361984421,0.32134685429766313,0.32134685429766313,0.0,0.0,0.0,0.0,0.0,0.6426937085953263,0.0,0.0,0.0,0.2142312361984421,0.2142312361984421,0.10711561809922104,0.2142312361984421,0.32134685429766313
58fad57d-527e-484d-93ca-c3e0b16ea005,0.45106262280036263,0.0,0.5152806711920723,0.0,0.0,0.0,0.0,0.0,0.0,0.0,0.0,0.0,0.5152806711920723,0.0,0.0,0.0,0.0,0.5152806711920723
592d3ce8-47d3-4b60-9e04-6f2c210e00f2,0.2449029109023472,0.0,0.5310430954917568,0.0,0.0,0.0,0.1770143651639189,0.0,0.0,0.0,0.0,0.5310430954917568,0.0,0.1770143651639189,0.0,0.5310430954917568,0.0,0.1770143651639189
5988e84b-cf2b-4677-9bb2-d5b166500bf1,0.24766726377930162,0.0,0.0,0.0,0.10550055315884846,0.0,0.5978364679001412,0.0,0.1758342552647474,0.4571690636883433,0.07033370210589897,0.0,0.0,0.0,0.1758342552647474,0.10550055315884846,0.5275027657942423,0.07033370210589897
5a025872-8820-4ce1-b3d9-7e42218510e9,0.05155971922800846,0.7009288683590357,0.07009288683590356,0.0,0.0,0.0,0.0,0.0,0.0,0.0,0.0,0.0,0.07009288683590356,0.0,0.7009288683590357,0.0,0.0,0.07009288683590356
5a7e75d4-7840-4742-bc2a-b746e49b4b0f,0.18635965650838465,0.0,0.5672360115584097,0.0,0.0,0.0,0.0,0.0,0.0,0.5672360115584097,0.0,0.0,0.0,0.0,0.0,0.0,0.5672360115584097,0.0
5b75704a-03a1-47bd-81a2-e13bf51b34f5,0.2116143628915491,0.0,0.28403751676596284,0.05680750335319257,0.0,0.1704225100595777,0.0,0.0,0.28403751676596284,0.7384975435915034,0.0,0.0,0.0,0.05680750335319257,0.22723001341277027,0.28403751676596284,0.0,0.28403751676596284
5beed1ea-e34d-4670-83ad-fe87038e9644,0.22931676693455677,0.2506508530991448,0.0,0.0,0.0,0.0,0.10026034123965791,0.2506508530991448,0.2506508530991448,0.6015620474379475,0.0,0.2506508530991448,0.0,0.0,0.5013017061982896,0.10026034123965791,0.2506508530991448,0.0
5c23f3fb-c523-47cd-b500-e2f6fd4a4793,0.2534125956356773,0.0,0.0,0.0,0.0,0.0,0.5585045676844517,0.0,0.0,0.0,0.0,0.0,0.5585045676844517,0.0,0.5585045676844517,0.0,0.0,0.0
5edbc39b-971d-43de-a597-9430af8f4b00,0.21799828840780913,0.0,0.0,0.1930565440515718,0.0,0.0,0.6435218135052393,0.0,0.06435218135052394,0.06435218135052394,0.1930565440515718,0.0,0.0,0.0,0.1930565440515718,0.6435218135052393,0.06435218135052394,0.0
5f0636c8-c627-4ea3-b8af-4e6c1e947107,0.169414428056827,0.0,0.0,0.0,0.0,0.0,0.0,0.0,0.5690046137968122,0.5690046137968122,0.0,0.0,0.0,0.0,0.5690046137968122,0.0,0.0,0.0
5fd1e95a-13d6-43f0-b77c-0e477c5649f7,0.039759636649163176,0.0,0.5768937427561297,0.0,0.0,0.0,0.0,0.0,0.0,0.0,0.0,0.5768937427561297,0.0,0.0,0.0,0.5768937427561297,0.0,0.0
6197e539-7bb8-4a50-9728-e1c2633cd09c,0.3546612897082701,0.0,0.0,0.0,0.5398195283556863,0.0,0.0,0.0,0.0,0.5398195283556863,0.0,0.0,0.0,0.0,0.0,0.0,0.0,0.5398195283556863
623b650b-6a89-4c51-a550-98898847ae19,0.30446649268353587,0.0,0.0,0.5217183593184123,0.0,0.0,0.0,0.1739061197728041,0.0,0.5217183593184123,0.0,0.0,0.0,0.1739061197728041,0.5217183593184123,0.0,0.0,0.1739061197728041
63696d22-05d8-40d9-95c7-e73b5b58af5d,0.38171615810759457,0.4940482262866877,0.24702411314334385,0.0,0.0,0.24702411314334385,0.0,0.0,0.0,0.24702411314334385,0.0,0.24702411314334385,0.24702411314334385,0.24702411314334385,0.24702411314334385,0.24702411314334385,0.24702411314334385,0.24702411314334385
6383e88b-788e-4707-bc09-113185ae2eae,0.09914283768697031,0.0,0.0,0.0,0.0,0.0,0.0,0.0,0.5745057869552969,0.5745057869552969,0.0,0.0,0.0,0.0,0.0,0.0,0.5745057869552969,0.0
65526c9e-7f5f-45dd-bbe4-2f59b380b44d,0.24217203404945442,0.0,0.0,0.20108732629740173,0.0,0.0,0.0,0.5228270483732445,0.0,0.5228270483732445,0.0,0.0,0.20108732629740173,0.0,0.0,0.0,0.5228270483732445,0.20108732629740173
67b90c11-9bb2-4e4e-84fa-065f6d09599c,0.33630063175930436,0.0,0.0,0.3497589090981924,0.0,0.0,0.0,0.1748794545490962,0.0,0.3497589090981924,0.0,0.1748794545490962,0.0,0.0,0.1748794545490962,0.0,0.5246383636472887,0.5246383636472887
6808f866-9214-4802-a237-63a0f834be40,0.17311044338751552,0.09306453091375906,0.0,0.0,0.0,0.0,0.0,0.0,0.6514517163963134,0.4653226545687953,0.0,0.09306453091375906,0.18612906182751812,0.0,0.37225812365503624,0.0,0.37225812365503624,0.0
68658373-8ef0-4b9e-b6ac-dc8972b12f6f,0.2739406746662271,0.0,0.0,0.2667405115843157,0.0,0.0,0.5334810231686314,0.0,0.0,0.5334810231686314,0.0,0.0,0.0,0.2667405115843157,0.2667405115843157,0.2667405115843157,0.0,0.2667405115843157
6a2cf68b-9595-481c-a291-9b9762ecfb06,0.3960936779527953,0.20782709236771763,0.0,0.0,0.24939251084126116,0.0,0.0,0.0,0.20782709236771763,0.0,0.6650466955766965,0.0,0.0,0.0,0.0,0.4572196032089788,0.20782709236771763,0.0
6bfff44b-d2f4-4737-859e-03b2ff47c18a,0.27008765580887156,0.04162701895257316,0.0,0.0,0.2081350947628658,0.3330161516205853,0.0,0.2081350947628658,0.0,0.6660323032411706,0.0,0.12488105685771948,0.0,0.0,0.12488105685771948,0.4578972084783048,0.2081350947628658,0.0
6c19782d-3720-454b-8156-1705722fdca7,0.10578013269923686,0.18792195982129425,0.0,0.0,0.0,0.0,0.0,0.0,0.0,0.0,0.0,0.0,0.18792195982129425,0.0,0.9396097991064714,0.18792195982129425,0.0,0.0
6c490952-746c-4f4f-b179-fd59d7972721,0.33264775404807095,0.08477399409347063,0.25432198228041186,0.0,0.5086439645608237,0.21193498523367654,0.0,0.08477399409347063,0.0,0.5086439645608237,0.04238699704673531,0.0,0.16954798818694125,0.0,0.08477399409347063,0.38148297342061777,0.0,0.25432198228041186
6cc1c5f4-071e-45bf-b247-d7a5dc51a577,0.2153350254179786,0.0,0.0,0.16078382405164118,0.26797304008606865,0.26797304008606865,0.26797304008606865,0.0,0.0,0.42875686413770986,0.26797304008606865,0.0,0.26797304008606865,0.0,0.16078382405164118,0.0,0.26797304008606865,0.5359460801721373
6e0d30af-5a57-4516-89de-5772ea34eba8,0.20512028549461414,0.20519898340456874,0.0,0.0,0.0,0.0,0.3077984751068531,0.0,0.20519898340456874,0.7181964419159906,0.0,0.0,0.0,0.0,0.3077984751068531,0.4103979668091375,0.0,0.0
6ea13b1c-994e-4ec5-a33f-374ed31223b3,0.3789534078998612,0.127115629625608,0.0,0.0,0.0,0.0,0.0,0.31778907406401996,0.31778907406401996,0.31778907406401996,0.31778907406401996,0.0,0.127115629625608,0.0,0.6355781481280399,0.127115629625608,0.0,0.0
6f5d594f-3701-408a-ae42-d9a9e5689039,0.32928172259231303,0.10364289635987177,0.5182144817993588,0.0,0.10364289635987177,0.0,0.0,0.0,0.0,0.10364289635987177,0.0,0.10364289635987177,0.0,0.5182144817993588,0.20728579271974354,0.0,0.0,0.5182144817993588
70e431ca-87fa-4b5d-95d3-e9a5aa0e711a,0.2617364478087607,0.0,0.0,0.0,0.6067779323973865,0.0,0.0,0.06067779323973865,0.0,0.0,0.6067779323973865,0.0,0.06067779323973865,0.0,0.0,0.30338896619869327,0.06067779323973865,0.30338896619869327
70f482d0-b784-4f34-8c0c-79cdd03d3744,0.17380069654349017,0.0,0.0,0.0,0.0,0.0,0.2765540143647845,0.16593240861887068,0.2765540143647845,0.7190404373484397,0.0,0.0,0.0,0.0,0.0,0.2765540143647845,0.4424864229836552,0.0
71316af2-4e22-4438-8087-96b7b7e85f1a,0.1862676676183206,0.49124951806592926,0.0,0.0,0.0,0.0,0.16374983935530976,0.0,0.0,0.16374983935530976,0.0,0.49124951806592926,0.0,0.0,0.654999357421239,0.0,0.0,0.0
7132dcd5-db5a-4666-81c3-98e1256a17b9,0.2942129620691379,0.0,0.0,0.337905077823363,0.0,0.0,0.0,0.0,0.337905077823363,0.675810155646726,0.0,0.0,0.0,0.0,0.337905077823363,0.337905077823363,0.0,0.0
716ee34d-9cb6-4811-8069-771a7a78d9db,0.46768348670038534,0.0,0.0,0.0,0.45644193680182965,0.0,0.22822096840091483,0.0,0.0,0.22822096840091483,0.0,0.0,0.0,0.45644193680182965,0.22822096840091483,0.0,0.0,0.45644193680182965
71f74b7c-1fdb-4350-8fc5-1f2c5f4a933c,0.1898821828720814,0.5070028945683929,0.0,0.25350144728419644,0.0,0.0,0.0,0.0,0.0,0.5070028945683929,0.25350144728419644,0.0,0.0,0.0,0.0,0.5070028945683929,0.0,0.25350144728419644
72cdfa39-3f98-4bb1-ba47-3d091eed50be,0.4294495783221321,0.11909609270989635,0.0,0.0,0.0,0.0,0.0,0.0,0.5954804635494817,0.4763843708395854,0.0,0.0,0.2381921854197927,0.0,0.059548046354948175,0.29774023177474085,0.2381921854197927,0.11909609270989635
7384c1fd-5f27-4d22-aa9d-9d955764fb30,0.3065934160982333,0.0,0.4326548060992123,0.2595928836595274,0.0,0.0,0.0,0.08653096121984245,0.0,0.5191857673190547,0.0,0.0,0.2595928836595274,0.0,0.0,0.3461238448793698,0.4326548060992123,0.0
748a3b69-9acc-47ac-8db2-50a8fa600485,0.27884209785790465,0.2663495511919805,0.0,0.0,0.2663495511919805,0.0,0.0,0.2663495511919805,0.0,0.0,0.0,0.532699102383961,0.2663495511919805,0.0,0.0,0.2663495511919805,0.532699102383961,0.0
74a1888a-649b-4a87-9674-4332ab4c164f,0.40946782382462515,0.224735024832958,0.1348410148997748,0.0,0.224735024832958,0.224735024832958,0.0,0.0,0.0,0.5843110645656908,0.0,0.0,0.0,0.224735024832958,0.449470049665916,0.0,0.224735024832958,0.1348410148997748
74e630cc-9126-48ae-877e-36f4bbe409cd,0.15274522263749735,0.5792079038717274,0.22277227071989514,0.0,0.0,0.0,0.0,0.0,0.0,0.0,0.13366336243193708,0.0,0.0,0.22277227071989514,0.4455445414397903,0.3564356331518322,0.0,0.4455445414397903
76e32e4e-a578-4848-9591-a5caefb0819d,0.32182559711404823,0.0,0.0,0.5466346388104173,0.0,0.0,0.0,0.0,0.0,0.5466346388104173,0.0,0.0,0.0,0.0,0.0,0.0,0.0,0.5466346388104173
77163043-23c4-407f-a11b-4bed9b801ca3,0.18867469231956105,0.0,0.0,0.40091600543383127,0.40091600543383127,0.0,0.0,0.0,0.0,0.40091600543383127,0.0,0.40091600543383127,0.0,0.0,0.0,0.0,0.40091600543383127,0.40091600543383127
7750eb75-530b-4ab5-9b21-f944122517c4,0.18201897609327708,0.0,0.6194176387921219,0.0,0.0,0.0,0.0,0.0,0.0,0.24776705551684874,0.0,0.0,0.3716505832752731,0.0,0.0,0.0,0.0,0.6194176387921219
77e2803e-8e17-44d3-a9b0-d0fddf9e8611,0.25439962692519164,0.27725871847704525,0.23104893206420438,0.0,0.46209786412840875,0.0,0.0,0.23104893206420438,0.0,0.46209786412840875,0.0,0.046209786412840875,0.0,0.23104893206420438,0.46209786412840875,0.046209786412840875,0.23104893206420438,0.0
786841f6-fd44-446f-8f74-2799b789bc48,0.5359598875064917,0.05128413718566721,0.0,0.10256827437133442,0.05128413718566721,0.15385241155700163,0.0,0.25642068592833606,0.15385241155700163,0.5641255090423394,0.0,0.05128413718566721,0.0,0.15385241155700163,0.05128413718566721,0.05128413718566721,0.4102730974853377,0.25642068592833606
7869fcfc-eb70-4498-9526-416e5a122780,0.43524139113905447,0.24955219344546492,0.0,0.15597012090341558,0.0,0.0,0.2183581692647818,0.09358207254204934,0.0,0.5614924352522961,0.15597012090341558,0.0,0.0,0.0,0.06238804836136623,0.09358207254204934,0.0,0.5614924352522961
79a469ed-0e2a-4ce8-8c9d-963de8f7a5ae,0.18028425301272885,0.0,0.0,0.0,0.0,0.0,0.0,0.0,0.2618450328057524,0.2618450328057524,0.0,0.0,0.0,0.0,0.8728167760191745,0.0,0.2618450328057524,0.0
79e0203e-371e-44e8-a3a9-2c12bfba49b3,0.3091146120057076,0.0,0.0,0.0,0.0,0.0,0.0,0.0,0.5490744201668115,0.5490744201668115,0.0,0.0,0.0,0.0,0.0,0.0,0.5490744201668115,0.0
7afcc8d9-e60e-4732-96c0-34dd3c8b907b,0.2555677218568795,0.0,0.17651110820048357,0.17651110820048357,0.17651110820048357,0.17651110820048357,0.17651110820048357,0.17651110820048357,0.0,0.5295333246014508,0.35302221640096715,0.0,0.0,0.17651110820048357,0.17651110820048357,0.35302221640096715,0.35302221640096715,0.17651110820048357
7cd899d5-a885-4ffa-aa36-cf8e2b591d38,0.3777364691090694,0.0,0.0,0.2835018452163847,0.0,0.2835018452163847,0.0,0.0,0.1890012301442565,0.0,0.0,0.0,0.1890012301442565,0.5670036904327694,0.0,0.0,0.2835018452163847,0.47250307536064123
7d007b5d-fbe1-48f5-8688-db6a198b89f9,0.29670099285975143,0.0,0.33763303319507215,0.0,0.0,0.33763303319507215,0.0,0.0,0.0,0.6752660663901443,0.0,0.0,0.0,0.0,0.0,0.0,0.33763303319507215,0.33763303319507215
7e57aee3-127e-431b-a286-f4add57c1019,0.27100892397428983,0.0,0.0,0.0,0.0,0.0,0.5557439947572675,0.0,0.0,0.5557439947572675,0.0,0.0,0.0,0.0,0.5557439947572675,0.0,0.0,0.0
7e69b64d-8602-44e9-8ded-858e86367d29,0.2554536660479269,0.0,0.0,0.0,0.0,0.5581945373262726,0.0,0.0,0.0,0.5581945373262726,0.0,0.0,0.0,0.0,0.0,0.5581945373262726,0.0,0.0
7f086c46-073d-439b-8967-ca5041c39dc7,0.21517567959423897,0.14741051644981457,0.0,0.0,0.0,0.14741051644981457,0.09827367763320971,0.5405052269826535,0.0,0.39309471053283884,0.049136838816604855,0.0,0.0,0.0,0.0,0.6387789046158632,0.14741051644981457,0.14741051644981457
7fcedf32-5b54-48ef-bd7a-4e734749a142,0.23883326979225694,0.3070763210083674,0.0,0.0,0.0,0.0,0.3070763210083674,0.0,0.0,0.6141526420167348,0.0,0.0,0.0,0.0,0.0,0.6141526420167348,0.0,0.0
7fe56b8c-e802-4540-9a4a-d6ff42d97f77,0.24712800203290192,0.0,0.27136947544777773,0.0,0.40705421317166657,0.0,0.0,0.0,0.0,0.6784236886194444,0.0,0.0,0.0,0.0,0.0,0.40705421317166657,0.27136947544777773,0.0
806e82c0-e486-4399-92b7-5c8ab912f347,0.4658186732213737,0.1001929525439046,0.0,0.0,0.0,0.0,0.0,0.500964762719523,0.0,0.1001929525439046,0.0,0.0,0.0,0.500964762719523,0.0,0.0,0.500964762719523,0.1001929525439046
80dca971-9122-49d6-a41c-cb366f1135fa,0.10212221449494086,0.1980759819475665,0.0,0.0,0.0,0.6602532731585551,0.0,0.0,0.0,0.0,0.0,0.1980759819475665,0.0,0.0,0.1980759819475665,0.0,0.0,0.6602532731585551
80f3d657-0a68-4d37-af1e-3a01e0016864,0.3917124704961261,0.0,0.11990721478389874,0.23981442956779747,0.0,0.0,0.11990721478389874,0.19185154365423798,0.0,0.3117587584381367,0.0,0.0,0.11990721478389874,0.23981442956779747,0.7194432887033925,0.0,0.19185154365423798,0.0
830cf64f-6ba9-4109-b552-b84f829199e0,0.3221892281615548,0.24541413611023435,0.0,0.0,0.0,0.09816565444409374,0.0,0.0,0.24541413611023435,0.5889939266645624,0.0,0.0,0.0,0.0,0.4908282722204687,0.24541413611023435,0.3435797905543281,0.0
835a7988-3ce4-4d36-bdf0-3d94d23e1ce2,0.2935716242357647,0.0,0.0,0.0,0.0,0.0,0.0,0.0,0.5519105306247789,0.0,0.0,0.5519105306247789,0.0,0.0,0.0,0.5519105306247789,0.0,0.0
83b1d7c7-460c-4596-a17b-b78ae1a97fd8,0.35368178596082084,0.0,0.0,0.0,0.0,0.5400337008865169,0.0,0.0,0.0,0.0,0.0,0.0,0.0,0.5400337008865169,0.0,0.0,0.5400337008865169,0.0
83c6d7ef-e681-4e7f-ad2b-6120f38f786a,0.212682618662576,0.0,0.0,0.0,0.0,0.0,0.29461316759420914,0.0,0.0,0.0,0.29461316759420914,0.0,0.0,0.0,0.5892263351884183,0.5892263351884183,0.29461316759420914,0.0
83e4b8b7-d0f2-41a4-bed5-d49ff698ad60,0.37671408759042013,0.13495962416745394,0.0,0.22493270694575657,0.0,0.0,0.13495962416745394,0.22493270694575657,0.0,0.584825038058967,0.0,0.0,0.13495962416745394,0.0,0.0,0.584825038058967,0.0,0.13495962416745394
83fe79b6-1b00-4ac4-a289-bddade3d1789,0.05105177072459181,0.13718144689355455,0.0,0.0,0.0,0.6859072344677727,0.0,0.0,0.0,0.13718144689355455,0.0,0.0,0.0,0.0,0.6859072344677727,0.13718144689355455,0.0,0.0
8568ce3e-034d-4048-b619-4d1c4fd6d8dd,0.23784617589072904,0.0,0.0,0.0,0.0,0.5607819530542913,0.0,0.0,0.0,0.5607819530542913,0.0,0.0,0.0,0.0,0.0,0.0,0.0,0.5607819530542913
85db2088-8ca5-450b-a0f3-6701307b39a9,0.27424007991649996,0.0,0.40397853289661867,0.0,0.0,0.0,0.0,0.0,0.2693190219310791,0.6732975548276977,0.0,0.0,0.0,0.0,0.0,0.0,0.2693190219310791,0.40397853289661867
85ed14d7-f374-42a0-a28b-bdbd1911921f,0.2369388269637368,0.0,0.0,0.28435038104169713,0.0,0.0,0.0,0.0,0.20310741502978366,0.4062148300595673,0.08124296601191346,0.0,0.0,0.0,0.48745779607148076,0.20310741502978366,0.0,0.609322245089351
86d149c9-fab2-44c9-a8c4-c3cb975ced5b,0.3633023232781108,0.0,0.04012992401313576,0.0,0.0,0.0,0.4012992401313576,0.12038977203940728,0.36116931611822184,0.4012992401313576,0.2006496200656788,0.0,0.3210393921050861,0.0,0.2006496200656788,0.2006496200656788,0.12038977203940728,0.4012992401313576
86ee9ba3-e73e-4163-a61e-5d8717828e20,0.33642555099469523,0.543696560174857,0.0,0.0,0.0,0.0,0.0,0.0,0.0,0.543696560174857,0.0,0.0,0.0,0.0,0.0,0.0,0.543696560174857,0.0
87df127c-614e-4a38-aae3-5a6641e3099c,0.3799011002999632,0.3270464710845535,0.0,0.0,0.0,0.0,0.0,0.0,0.3270464710845535,0.654092942169107,0.0,0.0,0.0,0.0,0.0,0.0,0.3270464710845535,0.3270464710845535
8856fa22-6f12-428e-8dd4-987646a2429a,0.023564938308961385,0.0,0.0,0.15245622274305917,0.0,0.5081874091435306,0.0,0.0,0.0,0.15245622274305917,0.0,0.0,0.0,0.0,0.0,0.0,0.5081874091435306,0.6606436318865898
894ecb2c-a002-44f2-9157-22d95f97126a,0.26651070110065317,0.0,0.2699269394540792,0.0,0.0,0.0,0.0,0.0,0.4048904091811188,0.674817348635198,0.0,0.0,0.0,0.0,0.0,0.0,0.4048904091811188,0.2699269394540792
8a3a7f6a-4c3c-4cee-bebc-a638ab1514cd,0.27132142220298405,0.0,0.0,0.5556931664908104,0.0,0.0,0.0,0.0,0.0,0.5556931664908104,0.0,0.0,0.0,0.0,0.0,0.0,0.0,0.5556931664908104
8b8f99cd-8591-4443-bf4b-860cf8314e1b,0.25432969678351786,0.1013814689991106,0.506907344995553,0.0,0.0,0.0,0.0,0.1013814689991106,0.0,0.1013814689991106,0.0,0.0,0.506907344995553,0.1013814689991106,0.0,0.1013814689991106,0.0,0.6082888139946636
8bef27be-c300-4e96-874b-1fe2c61cad22,0.39115265359498536,0.0,0.0,0.0,0.0,0.0,0.0,0.6443569531945758,0.0,0.2577427812778303,0.38661417191674546,0.0,0.0,0.0,0.38661417191674546,0.0,0.2577427812778303,0.0
8c757176-c533-4feb-9720-5bcdb048c53d,0.10494441549249128,0.16373722728547074,0.16373722728547074,0.0,0.0,0.0,0.0,0.0,0.0,0.0,0.0,0.0,0.3274744545709415,0.0,0.5457907576182358,0.7095279849037065,0.0,0.16373722728547074
8e182cd4-8326-4c21-bc0e-2b42bfff8ab9,0.031246146132442885,0.0,0.0,0.0,0.0,0.0,0.0,0.5770683605812718,0.0,0.5770683605812718,0.0,0.0,0.0,0.0,0.0,0.5770683605812718,0.0,0.0
8efe3985-b8e0-419a-8def-077526f287b2,0.25518386709523344,0.0,0.4993011633538279,0.24965058167691395,0.0,0.0,0.0,0.0,0.0,0.24965058167691395,0.4993011633538279,0.0,0.0,0.0,0.0,0.24965058167691395,0.0,0.4993011633538279
8feae348-b330-4b6d-91d2-6b89c3cbf8f8,0.35969318142868856,0.22984545451935842,0.45969090903871684,0.0,0.0,0.0,0.0,0.13790727271161504,0.0,0.36775272723097346,0.22984545451935842,0.22984545451935842,0.0,0.0,0.45969090903871684,0.0,0.36775272723097346,0.0
8fece599-5604-4756-81aa-4d8f63bf8a01,0.3594695528862637,0.10498834417208813,0.20997668834417627,0.3149650325162644,0.0,0.0,0.10498834417208813,0.20997668834417627,0.0,0.5249417208604407,0.20997668834417627,0.10498834417208813,0.0,0.10498834417208813,0.3149650325162644,0.20997668834417627,0.0,0.41995337668835253
8ff20290-628a-4669-a120-2f356d9bb582,0.08758717708864824,0.0,0.0,0.0,0.771619784509045,0.0,0.0,0.0,0.0,0.0,0.0,0.0,0.0,0.25720659483634833,0.25720659483634833,0.5144131896726967,0.0,0.0
903aac33-9309-46ee-9e75-626f201a8761,0.43071898371709566,0.0,0.0,0.0,0.5210505916145802,0.0,0.0,0.0,0.0,0.0,0.5210505916145802,0.0,0.0,0.0,0.0,0.5210505916145802,0.0,0.0
903eee15-4b9b-4b7d-b90c-a8b77d9003b5,0.29125334697907257,0.3314954891576973,0.2071846807235608,0.062155404217068236,0.1035923403617804,0.0,0.1035923403617804,0.1035923403617804,0.0,0.4972432337365459,0.1035923403617804,0.1035923403617804,0.0,0.0,0.517961701808902,0.08287387228942432,0.1035923403617804,0.4143693614471216
90af2147-ef38-4f8a-ba13-b42204209dd1,0.18694388025829062,0.0,0.0,0.0,0.0,0.0,0.0,0.0,0.5671719273829803,0.5671719273829803,0.0,0.0,0.0,0.0,0.0,0.0,0.5671719273829803,0.0
9169e143-92d4-4e23-a217-305b5d74f6cb,0.2157061821503252,0.41636322494627226,0.0,0.0,0.0,0.20818161247313613,0.0,0.20818161247313613,0.0,0.20818161247313613,0.0,0.0,0.20818161247313613,0.0,0.0,0.6245448374194084,0.41636322494627226,0.20818161247313613
933db1dc-e616-4e25-8442-e658d3f20db8,0.3680934352950762,0.0,0.0,0.0,0.0,0.0,0.5368138171634151,0.0,0.0,0.5368138171634151,0.0,0.0,0.0,0.0,0.5368138171634151,0.0,0.0,0.0
953eaf1b-8453-4144-b455-20bba1943f4b,0.29109176729763253,0.2528145453576225,0.0,0.0,0.0,0.505629090715245,0.0505629090715245,0.0,0.0,0.5561919997867695,0.0,0.2528145453576225,0.0,0.0,0.2528145453576225,0.303377454429147,0.0,0.2528145453576225
9559b15f-bd57-4b0c-88ef-e502abff795a,0.08888696014244506,0.0,0.0,0.5750649552635004,0.0,0.0,0.0,0.0,0.0,0.5750649552635004,0.0,0.0,0.0,0.0,0.0,0.0,0.0,0.5750649552635004
95e93471-7ee3-4c49-a491-694c51043f79,0.09240213485117635,0.36929276351188944,0.0,0.0,0.07385855270237789,0.18464638175594472,0.0,0.0,0.0,0.2585049344583226,0.0,0.0,0.0,0.0,0.0,0.2585049344583226,0.7385855270237789,0.36929276351188944
96198d24-f90a-453a-9bf0-18de3a38f7bc,0.15655520280914,0.0,0.0,0.0,0.0,0.0,0.5702310842905091,0.0,0.0,0.0,0.0,0.0,0.0,0.5702310842905091,0.0,0.0,0.0,0.5702310842905091
9633998b-aa8e-4fcc-b0fe-78ba6a6010da,0.39526691082569554,0.0,0.0,0.0,0.23717280187046627,0.47434560374093254,0.0,0.0,0.0,0.47434560374093254,0.0,0.0,0.23717280187046627,0.0,0.0,0.0,0.23717280187046627,0.47434560374093254
96d24f61-dfe5-4eed-94a4-bf79cb3d0095,0.3063648224659442,0.5495879048752227,0.0,0.0,0.0,0.0,0.0,0.0,0.0,0.5495879048752227,0.0,0.0,0.0,0.0,0.0,0.0,0.5495879048752227,0.0
970cd562-6a4c-4c03-892a-411ee34a41de,0.5991741156830235,0.23189299399156363,0.0,0.0,0.27827159278987634,0.0,0.0,0.0,0.23189299399156363,0.04637859879831272,0.23189299399156363,0.0,0.23189299399156363,0.23189299399156363,0.46378598798312726,0.27827159278987634,0.0,0.0
9948543a-20d4-4a44-9146-e1b2f8e32897,0.06116042692845684,0.0,0.0,0.0,0.0,0.0,0.0,0.0,0.5762694399260149,0.5762694399260149,0.0,0.0,0.0,0.0,0.5762694399260149,0.0,0.0,0.0
99cd2c5b-4e63-4689-bab2-054e1e5c6577,0.4577300925568137,0.0,0.27004222069234135,0.16202533241540482,0.0,0.16202533241540482,0.0,0.0,0.32405066483080963,0.43206755310774614,0.0,0.0,0.21603377655387307,0.27004222069234135,0.05400844413846827,0.27004222069234135,0.32405066483080963,0.27004222069234135
9a22b65a-f770-43e1-bc40-fea38cb7fba8,0.2817161338157902,0.0,0.0,0.0,0.0,0.0,0.0,0.0,0.28929947050007854,0.28929947050007854,0.0,0.0,0.0,0.0,0.0,0.0,0.8678984115002356,0.0
9a6bdbca-a7d5-4ede-984d-e23ce9986759,0.1736893431404376,0.0,0.0,0.0,0.1212205610671973,0.0,0.0,0.0,0.1212205610671973,0.0,0.0,0.1212205610671973,0.0,0.1212205610671973,0.1212205610671973,0.7273233664031838,0.6061028053359865,0.0
9a824964-1140-4020-8bdd-de9d11782a12,0.3338812710862873,0.0,0.0,0.0,0.0,0.0,0.0,0.0,0.5442191031860253,0.5442191031860253,0.0,0.0,0.0,0.0,0.0,0.5442191031860253,0.0,0.0
9adf2e16-ac4c-41e8-9c76-ab2e2ee40ea2,0.23353055842556145,0.0,0.0,0.0,0.0,0.0,0.5613862242346902,0.0,0.0,0.5613862242346902,0.0,0.0,0.0,0.0,0.0,0.0,0.5613862242346902,0.0
9b35d3a8-187f-4a62-82f5-7a88181acc6f,0.20905752166155953,0.0,0.0,0.0,0.0,0.0,0.0,0.5645927596172681,0.0,0.0,0.0,0.0,0.0,0.5645927596172681,0.0,0.0,0.5645927596172681,0.0
9c32f748-ecac-4a1c-aff3-094ed3d7261b,0.51962640582224,0.0,0.3020737489364685,0.3020737489364685,0.0,0.0,0.0,0.0,0.0,0.0,0.0,0.0,0.604147497872937,0.0,0.3020737489364685,0.0,0.0,0.3020737489364685
9d795c23-1b89-4f68-8dcc-ee422c4e0ea3,0.29423600116868076,0.0,0.07739297954420413,0.19348244886051033,0.0,0.27087542840471446,0.2321789386326124,0.0,0.0,0.27087542840471446,0.0,0.0,0.27087542840471446,0.2321789386326124,0.3482684079489186,0.619143836353633,0.0,0.19348244886051033
9e5af7fc-3b27-4046-9494-bd83fca5b151,0.2217944484208686,0.0,0.0,0.0,0.0,0.0,0.5629704618212464,0.0,0.0,0.5629704618212464,0.0,0.0,0.0,0.0,0.5629704618212464,0.0,0.0,0.0
a019b7db-6f35-4db6-9152-418132853cf8,0.327402116100615,0.2620639755087471,0.0,0.2620639755087471,0.0,0.0,0.0,0.0,0.2620639755087471,0.5241279510174942,0.0,0.2620639755087471,0.0,0.0,0.2620639755087471,0.0,0.0,0.5241279510174942
a0921ee4-17e2-4998-8ba6-732dc1a1de75,0.36253729584266536,0.0,0.23041457124230563,0.13824874274538337,0.0,0.06912437137269169,0.11520728562115282,0.23041457124230563,0.0,0.32258039973922786,0.11520728562115282,0.0,0.11520728562115282,0.23041457124230563,0.023041457124230565,0.3456218568634585,0.2995389426149973,0.576036428105764
a0ad55c1-b93e-409d-a834-c7494e06ee21,0.26265276006193233,0.08691295814295483,0.0,0.043456479071477414,0.5649342279292063,0.0,0.0,0.0,0.13036943721443223,0.13036943721443223,0.0,0.0,0.13036943721443223,0.13036943721443223,0.13036943721443223,0.5214777488577289,0.47802126978625153,0.13036943721443223
a1291286-0031-42a9-8ed7-40f2425443b8,0.2686668449189318,0.0,0.0,0.0,0.1862385292400764,0.465596323100191,0.0,0.0,0.0,0.6518348523402674,0.0,0.0,0.0,0.0,0.0,0.1862385292400764,0.465596323100191,0.0
a14456a6-8f06-4919-8492-4dcd03448036,0.36863265103992265,0.0,0.0,0.0,0.0,0.22713136032047965,0.22713136032047965,0.0,0.34069704048071947,0.5678284008011991,0.0,0.0,0.0,0.22713136032047965,0.22713136032047965,0.4542627206409593,0.11356568016023982,0.0
a21ff46c-8412-4d6a-8f0d-383ce64c6f17,0.23203577237628734,0.0,0.2807963972254838,0.2807963972254838,0.0,0.0,0.0,0.0,0.0,0.2807963972254838,0.0,0.2807963972254838,0.0,0.0,0.5615927944509675,0.0,0.0,0.5615927944509675
a2f8195a-73f6-493b-9fd6-26d70935dbbf,0.048277466287111596,0.0,0.06688686942565454,0.0,0.0,0.0,0.0,0.0,0.0,0.0,0.0,0.06688686942565454,0.0,0.0,0.6688686942565454,0.7357555636822,0.0,0.0
a3fa4e23-4677-46c6-a9fe-b9b84e059521,0.3484381710943101,0.0,0.42962531088989375,0.0,0.0,0.0,0.1718501243559575,0.1718501243559575,0.0,0.1718501243559575,0.0,0.0,0.42962531088989375,0.1718501243559575,0.0,0.1718501243559575,0.6014754352458512,0.0
a40a634b-3df0-496a-9b45-66c32a62cc9a,0.20849559643922402,0.0,0.1702520045061057,0.1702520045061057,0.0,0.3405040090122114,0.0,0.0,0.1702520045061057,0.3405040090122114,0.0,0.0,0.1702520045061057,0.0,0.0,0.3405040090122114,0.1702520045061057,0.6810080180244228
a5ce3a2a-eefd-405d-a3f9-f79f21edffa4,0.11624680174744864,0.0,0.16553672646236153,0.0,0.0,0.0,0.0,0.0,0.16553672646236153,0.33107345292472307,0.0,0.0,0.0,0.0,0.16553672646236153,0.0,0.8276836323118076,0.33107345292472307
a63187e7-6fa6-4a3f-aeff-d16578e7872c,0.17682019077188843,0.0,0.6406877330211735,0.0,0.0,0.0,0.0,0.0,0.2562750932084694,0.06406877330211735,0.0,0.0,0.19220631990635206,0.0,0.0,0.06406877330211735,0.19220631990635206,0.6406877330211735
a700ce79-4c5e-477c-8011-5516ec9a81af,0.3055307378353822,0.0,0.0,0.0,0.5497426574430885,0.0,0.0,0.0,0.0,0.0,0.0,0.0,0.5497426574430885,0.0,0.0,0.0,0.5497426574430885,0.0
a8adee2a-eb7e-430c-9a9f-f9009f2c7e13,0.4990233669959525,0.26994620833287514,0.0,0.0,0.22495517361072925,0.04499103472214585,0.0,0.0,0.22495517361072925,0.13497310416643757,0.0,0.4049193124993127,0.0,0.22495517361072925,0.22495517361072925,0.0,0.0,0.5398924166657503
a9085a40-cf9f-4ecb-a55c-b76468364b4d,0.4622844604351296,0.0,0.0,0.22895313605484147,0.0,0.0,0.45790627210968293,0.0,0.0,0.22895313605484147,0.0,0.0,0.0,0.45790627210968293,0.0,0.0,0.45790627210968293,0.22895313605484147
a999c2d7-4d10-4468-b641-272cf491ec87,0.042754397169119406,0.0,0.04468046690720018,0.0,0.0,0.0,0.04468046690720018,0.0,0.5361656028864021,0.08936093381440036,0.0,0.0,0.04468046690720018,0.04468046690720018,0.5361656028864021,0.4468046690720018,0.08936093381440036,0.4468046690720018
a9c551fb-2cd0-45bb-b798-a4399c20687d,0.3334055402811858,0.25640331258848226,0.0,0.05128066251769645,0.25640331258848226,0.0,0.25640331258848226,0.0,0.0,0.5128066251769645,0.0,0.30768397510617873,0.0,0.0,0.05128066251769645,0.25640331258848226,0.0,0.5128066251769645
aafc7ece-bbf2-4148-8e0d-f30968dfd00e,0.380102408712371,0.0,0.0,0.0,0.0,0.0,0.0,0.0,0.5340169032565211,0.5340169032565211,0.0,0.0,0.0,0.0,0.0,0.0,0.5340169032565211,0.0
ab5d46f6-e782-474a-bd99-a24a920c35d6,0.1683411603728193,0.0,0.0,0.09232196017695464,0.0,0.0,0.6462537212386825,0.0,0.0,0.4616098008847732,0.0,0.0,0.0,0.2769658805308639,0.09232196017695464,0.0,0.4616098008847732,0.18464392035390928
abffc2da-881b-4bfa-8df5-d19a5c4fbfda,0.14059066667660286,0.0,0.0,0.0,0.0,0.0,0.0,0.5716159154663875,0.0,0.5716159154663875,0.0,0.0,0.0,0.0,0.0,0.0,0.5716159154663875,0.0
ac135a09-1bac-4e8f-b118-b35d5aee3f4f,0.4591542597885447,0.023442832820867752,0.2344283282086775,0.0,0.11721416410433876,0.18754266256694202,0.2344283282086775,0.0,0.0,0.09377133128347101,0.0,0.0,0.2344283282086775,0.468856656417355,0.2344283282086775,0.25787116102954527,0.07032849846260325,0.468856656417355
ac65c2c6-1dd6-4bde-b65f-1838ea9ece13,0.16933952281248738,0.3871636584945634,0.0,0.23229819509673805,0.0,0.0,0.0,0.0,0.0,0.6194618535913015,0.0,0.0,0.0,0.0,0.0,0.0,0.0,0.6194618535913015
acc40b07-e801-4aed-8177-045ec5574594,0.4955729532087455,0.031139611158379408,0.3425357227421735,0.0,0.0,0.0,0.031139611158379408,0.40481494505893234,0.18683766695027645,0.15569805579189705,0.09341883347513823,0.031139611158379408,0.24911688926703526,0.15569805579189705,0.12455844463351763,0.46709416737569115,0.21797727810865586,0.18683766695027645
acc75d08-0671-48f7-bc29-8dda09506721,0.43438027121490896,0.3338325935953557,0.0,0.3338325935953557,0.0,0.0,0.0,0.1335330374381423,0.0,0.1335330374381423,0.3338325935953557,0.0,0.3338325935953557,0.0,0.0,0.46736563103349804,0.3338325935953557,0.0
ae0db436-85c7-4eb5-b33c-b073a00f557b,0.1664342939608588,0.0,0.0,0.0,0.0,0.0,0.0,0.0,0.6594067211952375,0.5495056009960312,0.0,0.0,0.10990112019920624,0.0,0.2747528004980156,0.0,0.3846539206972218,0.0
aff0bef2-2f21-41a5-8d95-4bcf3e6f908c,0.360573147096201,0.0,0.0,0.0,0.0,0.0,0.0,0.5385124590304733,0.0,0.0,0.5385124590304733,0.0,0.0,0.0,0.5385124590304733,0.0,0.0,0.0
b02fd7c7-8a33-4491-a07d-a4456b088943,0.176439728201911,0.0,0.0,0.4971523557980182,0.0,0.0,0.0,0.0,0.09943047115960364,0.5965828269576219,0.0,0.0,0.0,0.0,0.0,0.5965828269576219,0.0,0.0
b070f093-139c-4f51-af8d-de99c9d80483,0.15870077649079817,0.0,0.0,0.6426949560913495,0.19280848682740487,0.0,0.06426949560913496,0.0,0.0,0.06426949560913496,0.0,0.19280848682740487,0.0,0.0,0.0,0.25707798243653984,0.6426949560913495,0.0
b12c0af5-b0fb-4392-b730-02d436e31a0b,0.22614765264301742,0.4239195801744867,0.0,0.0,0.0,0.0,0.04239195801744867,0.0,0.21195979008724336,0.6782713282791787,0.0,0.0,0.0,0.0,0.0,0.4663115381919354,0.21195979008724336,0.0
b1542b7d-4e14-4b0e-b303-d5f28d3abbc9,0.058434480790778745,0.0,0.0,0.3529492547546163,0.0,0.0,0.3529492547546163,0.0,0.0,0.7058985095092326,0.0,0.0,0.0,0.0,0.3529492547546163,0.0,0.3529492547546163,0.0
b1b9c945-136e-4b32-aa3c-179d6c257bdd,0.06207966916762988,0.0,0.0,0.0,0.06683579082921803,0.0,0.0,0.0,0.0,0.06683579082921803,0.0,0.0,0.0,0.0,0.7351936991213983,0.0,0.6683579082921803,0.0
b1d6e90f-2cce-4ad2-ad45-c3951c6cb982,0.39647044932885567,0.20548724816583216,0.0,0.0,0.0,0.0,0.32877959706533144,0.1232923488994993,0.20548724816583216,0.5342668452311636,0.0,0.0,0.32877959706533144,0.0,0.20548724816583216,0.1232923488994993,0.41097449633166433,0.1232923488994993
b1fe7732-1a76-430c-ab37-8cecc106771a,0.3192269527093322,0.2857357572468779,0.2857357572468779,0.0,0.0,0.0,0.0,0.0,0.2857357572468779,0.5714715144937558,0.0,0.0,0.0,0.2857357572468779,0.2857357572468779,0.2857357572468779,0.2857357572468779,0.0
b32e9c2b-2f5d-4416-82fb-fb6d2bcb1b05,0.35926953050576554,0.0,0.49395816203214926,0.0,0.20581590084672885,0.0,0.12348954050803732,0.0,0.0,0.20581590084672885,0.12348954050803732,0.49395816203214926,0.0,0.0,0.4116318016934577,0.0,0.12348954050803732,0.2881422611854204
b3b4e722-c3c3-4510-8cca-f3db181e82e5,0.3290789744343912,0.0,0.0,0.0,0.5865530190015266,0.0,0.0,0.0,0.0,0.5865530190015266,0.0,0.0,0.0,0.0,0.0,0.0,0.167586576857579,0.4189664421439475
b40f27a2-68b9-443d-b715-167cfb322159,0.09347330833819331,0.0,0.5748225061206033,0.0,0.0,0.0,0.0,0.0,0.0,0.5748225061206033,0.0,0.0,0.0,0.0,0.0,0.0,0.0,0.5748225061206033
b46efc6b-1db2-4359-b5b4-38aff0bcd1cc,0.5850925119032643,0.0,0.0,0.0,0.28183035988513827,0.0,0.0,0.4509285758162212,0.0,0.28183035988513827,0.0,0.0,0.16909821593108296,0.28183035988513827,0.28183035988513827,0.0,0.16909821593108296,0.28183035988513827
b4d83bab-5804-4d81-8ec3-e397c89820a7,0.35177543810667644,0.08056531930767159,0.0,0.16113063861534319,0.0,0.24169595792301476,0.0,0.24169595792301476,0.16113063861534319,0.6445225544613727,0.0,0.24169595792301476,0.0,0.0,0.32226127723068637,0.08056531930767159,0.24169595792301476,0.24169595792301476
b5af0717-957f-4bf6-8c66-b52e39a1fbca,0.4547269438220633,0.0,0.0,0.0,0.26455680028875034,0.0,0.4409280004812505,0.0,0.0,0.0,0.26455680028875034,0.0,0.0,0.4409280004812505,0.0,0.4409280004812505,0.0,0.26455680028875034
b5e78e14-d2cb-4736-8749-f2d91c32f0c1,0.35328555498813613,0.4731105418584294,0.0,0.0,0.1419331625575288,0.2365552709292147,0.0,0.0,0.047311054185842936,0.2365552709292147,0.2365552709292147,0.0,0.047311054185842936,0.3784884334867435,0.2365552709292147,0.4731105418584294,0.0,0.18924421674337175
b6a02551-3f0c-4129-9e17-87f9a406adfa,0.35552441288499986,0.06909257240820017,0.13818514481640035,0.0,0.0,0.5527405792656014,0.0,0.0,0.0,0.06909257240820017,0.0,0.13818514481640035,0.0,0.5527405792656014,0.13818514481640035,0.34546286204100085,0.2763702896328007,0.0
b6dc9a4d-7fee-4a7d-8dad-e27aaea95824,0.12061157533545425,0.0,0.0,0.1448001445790318,0.0,0.1448001445790318,0.0,0.0,0.4344004337370954,0.7240007228951589,0.0,0.0,0.0,0.0,0.4344004337370954,0.0,0.1448001445790318,0.1448001445790318
b7e3e5fc-abcf-42be-bd32-1803f0d3b3b8,0.3380451553883355,0.32706524650785795,0.32706524650785795,0.0,0.0,0.0,0.19623914790471478,0.0,0.0,0.32706524650785795,0.19623914790471478,0.32706524650785795,0.0,0.0,0.32706524650785795,0.0,0.0,0.5233043944125727
b85d82b8-fcdc-456c-91b8-a4b1425acb21,0.4721015460123706,0.17630883474774933,0.17630883474774933,0.17630883474774933,0.0,0.17630883474774933,0.0,0.0,0.17630883474774933,0.528926504243248,0.0,0.17630883474774933,0.17630883474774933,0.0,0.35261766949549866,0.17630883474774933,0.0,0.35261766949549866
b91cfa23-55a7-4c7a-9bda-9d443cac35b5,0.15368094416682096,0.0,0.3772356195502873,0.0,0.0,0.0,0.0,0.0,0.06287260325838122,0.2514904130335249,0.0,0.18861780977514364,0.0,0.0,0.8173438423589557,0.0,0.0,0.2514904130335249
b92f5d41-b990-4c00-91fb-89eab2818abd,0.11490197609250548,0.0,0.0,0.12515371728652536,0.0,0.0,0.0,0.0,0.0,0.12515371728652536,0.0,0.0,0.0,0.0,0.6257685864326267,0.0,0.750922303719152,0.0
b9a3aec4-8484-4044-84dd-4171e57f10ad,0.13490604979505544,0.7367254071400625,0.0,0.0,0.09823005428534166,0.0,0.0,0.0,0.0,0.24557513571335418,0.0,0.0,0.0,0.09823005428534166,0.34380518999869586,0.0,0.0,0.49115027142670836
b9f7c010-ead5-42d5-ab7c-2eaed5a1c29c,0.07010218938179401,0.0,0.13360041372642625,0.0,0.0,0.0,0.0,0.13360041372642625,0.2004006205896394,0.46760144804249193,0.0,0.0,0.0,0.0,0.13360041372642625,0.0,0.2004006205896394,0.8016024823585576
ba4a037d-e477-46aa-a287-5cba243624dd,0.13319081059294474,0.0,0.0,0.22665710189540308,0.0,0.0,0.04533142037908062,0.45331420379080617,0.0,0.6799713056862092,0.04533142037908062,0.0,0.0,0.0,0.04533142037908062,0.45331420379080617,0.22665710189540308,0.0
ba957d34-2365-4f0a-8c9a-2a38bf25e55c,0.21031848477446724,0.0,0.0,0.0,0.2038505564039044,0.0,0.0,0.4077011128078088,0.0,0.6115516692117131,0.0,0.0,0.0,0.0,0.0,0.6115516692117131,0.0,0.0
bb021008-fb28-4f0d-8dbf-0912b71a93eb,0.18230118840722365,0.0,0.0,0.0,0.5676754579585399,0.0,0.0,0.0,0.0,0.5676754579585399,0.0,0.0,0.0,0.0,0.0,0.0,0.5676754579585399,0.0
bb218ae1-d6ec-4d67-a018-9f2916d0457e,0.11278087988300757,0.0,0.0,0.0,0.12518433856180167,0.0,0.0,0.0,0.0,0.0,0.0,0.0,0.0,0.12518433856180167,0.7511060313708101,0.0,0.0,0.6259216928090083
bbd83e6e-bed2-4034-9373-4f004533007a,0.4614358267590778,0.2674929018230996,0.0,0.0,0.0,0.0,0.2674929018230996,0.0,0.2674929018230996,0.5349858036461992,0.0,0.2674929018230996,0.0,0.0,0.2674929018230996,0.2674929018230996,0.2674929018230996,0.0
bcf9c178-dd52-4687-b82a-d6fa941ee0b6,0.4608747704278006,0.0,0.17936826847189183,0.0,0.17936826847189183,0.17936826847189183,0.1076209610831351,0.35873653694378366,0.0,0.35873653694378366,0.2869892295550269,0.17936826847189183,0.0,0.17936826847189183,0.2869892295550269,0.17936826847189183,0.17936826847189183,0.35873653694378366
bd06c2d4-04d5-4c36-957c-f0cf5dd621d3,0.15019399098444589,0.0,0.0,0.510540044808022,0.0,0.0,0.0,0.0,0.255270022404011,0.255270022404011,0.510540044808022,0.0,0.0,0.0,0.255270022404011,0.0,0.0,0.510540044808022
be344ce5-8954-4802-a9b8-6894e6df7c96,0.37464340214919917,0.0,0.0,0.0,0.0,0.0,0.0,0.0,0.5353012613554082,0.5353012613554082,0.0,0.0,0.0,0.0,0.0,0.0,0.5353012613554082,0.0
be55aff2-ccb4-4c1b-adb9-c072cdc60fa7,0.14321978607221086,0.11605734878880118,0.13926881854656142,0.0,0.0,0.0,0.0,0.0,0.11605734878880118,0.2553261673353626,0.0,0.0,0.11605734878880118,0.0,0.13926881854656142,0.34817204636640353,0.23211469757760236,0.8124014415216083
be95c30a-d50a-4828-83a6-66fbec207b58,0.2975948961589794,0.0,0.05645213573109382,0.620973493042032,0.0,0.0,0.0,0.0,0.0,0.5645213573109382,0.05645213573109382,0.05645213573109382,0.0,0.0,0.2822606786554691,0.05645213573109382,0.0,0.3387128143865629
be9eeefa-fa85-4f5c-8cd6-64dbd3f80d58,0.2304861197520148,0.0,0.561805467103356,0.0,0.0,0.0,0.0,0.0,0.0,0.0,0.0,0.0,0.561805467103356,0.0,0.0,0.0,0.561805467103356,0.0
beac8881-abe0-4b76-ae5a-4288df3bcc92,0.09889311649088892,0.0,0.0,0.0,0.0,0.0,0.0,0.0,0.3000333544353057,0.3000333544353057,0.0,0.0,0.0,0.0,0.0,0.6000667088706114,0.3000333544353057,0.6000667088706114
bf577e0d-6230-446a-962a-df8f81c6e0d6,0.13138730077920568,0.0,0.0,0.0,0.0,0.3504884764856675,0.0,0.0,0.3504884764856675,0.700976952971335,0.0,0.0,0.0,0.0,0.0,0.3504884764856675,0.3504884764856675,0.0
c00deeb6-3da9-4e9a-8c66-04c772aa1b39,0.30698085159889466,0.0,0.0,0.2715864174547343,0.2715864174547343,0.2715864174547343,0.10863456698189371,0.0,0.0,0.38022098443662794,0.2715864174547343,0.0,0.0,0.2715864174547343,0.2715864174547343,0.0,0.10863456698189371,0.5431728349094685
c14cb5e2-eb40-4a5a-8eb4-26f952c9d0d9,0.4308076926938352,0.0,0.4335199574633606,0.0,0.0,0.0,0.0,0.0,0.28901330497557376,0.28901330497557376,0.0,0.0,0.0,0.4335199574633606,0.0,0.0,0.28901330497557376,0.4335199574633606
c17f402c-03ff-443b-ae08-f56394c208cc,0.25301869740629307,0.20778012465401308,0.20778012465401308,0.0,0.0,0.04155602493080261,0.12466807479240784,0.20778012465401308,0.12466807479240784,0.540228324100434,0.0,0.3324481994464209,0.0,0.04155602493080261,0.12466807479240784,0.540228324100434,0.0,0.24933614958481568
c43e8c8f-812d-4a84-83d8-cc12ed5a34fd,0.38124120995170363,0.0,0.0,0.5337462380303212,0.0,0.0,0.0,0.0,0.0,0.0,0.5337462380303212,0.0,0.0,0.0,0.0,0.0,0.5337462380303212,0.0
c50c2bf5-7336-4cfa-86c3-d4635f1ad64f,0.07005885261410863,0.12567858710485622,0.0,0.0,0.0,0.6283929355242811,0.0,0.0,0.0,0.12567858710485622,0.0,0.0,0.0,0.0,0.0,0.0,0.7540715226291373,0.0
c54a7dec-8661-48cb-876e-00b1edcccb1b,0.4606844604206746,0.0,0.0,0.23823465594149867,0.0,0.23823465594149867,0.0,0.09529386237659947,0.23823465594149867,0.5717631742595968,0.0,0.0,0.0,0.23823465594149867,0.23823465594149867,0.0,0.33352851831809815,0.23823465594149867
c56f94a8-c5f2-4f96-a99f-3af514042be3,0.2248294867078767,0.0,0.0,0.0,0.0,0.0,0.5625690185528861,0.0,0.0,0.0,0.5625690185528861,0.0,0.0,0.0,0.0,0.5625690185528861,0.0,0.0
c5b4f4f1-0406-4bc3-a71c-24a95639b593,0.2079712066027802,0.0,0.16230274178106985,0.16230274178106985,0.0,0.0,0.16230274178106985,0.032460548356213974,0.0,0.3246054835621397,0.0,0.0,0.16230274178106985,0.032460548356213974,0.48690822534320954,0.5193687736994236,0.0,0.48690822534320954
c5d105a6-5e71-4591-8b48-62fa10c91f3f,0.18015713432233488,0.0,0.0,0.14704108854199507,0.07352054427099754,0.14704108854199507,0.0,0.0,0.14704108854199507,0.5146438098969828,0.0,0.0,0.0,0.0,0.22056163281299263,0.14704108854199507,0.14704108854199507,0.7352054427099755
c6dc6a86-f5ed-460b-8bf7-8e103eaa7474,0.07848717243601566,0.0,0.0,0.0,0.2989549790103685,0.0,0.0,0.597909958020737,0.1195819916041474,0.0597909958020737,0.0,0.0,0.0597909958020737,0.0,0.0597909958020737,0.6577009538228107,0.2989549790103685,0.0
c7ec7af3-977c-483a-ab28-7ecb84f377e0,0.29792995463923455,0.0,0.0,0.0,0.5404288842090068,0.0,0.0,0.0,0.10808577684180137,0.5404288842090068,0.0,0.0,0.10808577684180137,0.0,0.0,0.0,0.10808577684180137,0.5404288842090068
c8c2ea99-ef3f-496c-99b4-529201516fb0,0.06260634482066793,0.0,0.16978067950381562,0.0,0.0,0.0,0.0,0.11318711966921043,0.0,0.28296779917302606,0.0,0.0,0.0,0.0,0.5659355983460521,0.11318711966921043,0.0,0.7357162778498677
c8d8f7f8-42de-4ffd-8268-3c7cafa809e3,0.31337814716266765,0.0,0.0,0.5482682241631048,0.0,0.0,0.0,0.0,0.0,0.5482682241631048,0.0,0.0,0.0,0.0,0.0,0.0,0.0,0.5482682241631048
c8eb7e37-0576-4bd8-8b76-74b1eebb88a4,0.1898664273970266,0.929508191382814,0.0,0.0,0.16900148934232984,0.0,0.0,0.0,0.0,0.16900148934232984,0.0,0.08450074467116492,0.0,0.0,0.16900148934232984,0.0,0.0,0.08450074467116492
ca65a149-6905-4ff2-8655-074f68493337,0.16423702660123804,0.0,0.0,0.0,0.39456836144692276,0.0,0.13152278714897425,0.0,0.32880696787243563,0.13152278714897425,0.0,0.32880696787243563,0.32880696787243563,0.06576139357448713,0.13152278714897425,0.6576139357448713,0.0,0.06576139357448713
cb767a1e-52ff-400f-b104-46d08b73b395,0.42418321532741027,0.0,0.0,0.0,0.0,0.45278819547181764,0.15092939849060588,0.0,0.0,0.45278819547181764,0.0,0.0,0.15092939849060588,0.0,0.0,0.0,0.0,0.6037175939624235
cbc4fa6d-deaf-48ee-aa6a-fe7a0ac6d49f,0.358072523016748,0.0,0.0,0.0,0.0,0.0,0.5390683531984977,0.0,0.0,0.5390683531984977,0.0,0.0,0.0,0.0,0.0,0.5390683531984977,0.0,0.0
cbe1e781-bcde-4985-b9f8-af591bfb1b70,0.26685727091681616,0.0,0.0,0.3407321523130062,0.0,0.0,0.0,0.0,0.3407321523130062,0.3407321523130062,0.0,0.0,0.3407321523130062,0.0,0.6814643046260124,0.0,0.0,0.0
cdcaea68-1f43-4dc6-a152-97cf4601f047,0.2491867818523306,0.0,0.5479317043087263,0.0,0.0,0.0,0.0,0.0,0.2490598655948756,0.5479317043087263,0.0,0.0,0.0,0.2490598655948756,0.2490598655948756,0.2490598655948756,0.2988718387138507,0.0
ce2e0c9f-0160-41ab-b776-f96717433042,0.387565712861852,0.0,0.0,0.23339644085429867,0.3267550171960181,0.0,0.2800757290251584,0.0,0.0,0.5601514580503169,0.0,0.23339644085429867,0.0,0.046679288170859735,0.3267550171960181,0.0,0.23339644085429867,0.2800757290251584
ce62b526-c81e-4cfd-b17b-74090365e7fa,0.1110497316704833,0.0,0.57377927146709,0.0,0.0,0.0,0.0,0.0,0.0,0.57377927146709,0.0,0.0,0.0,0.0,0.0,0.0,0.0,0.57377927146709
ce96eb3c-c71a-4784-98d2-64afc521d321,0.22999857541961713,0.0,0.07867782636467686,0.3933891318233843,0.3933891318233843,0.0,0.0,0.0,0.0,0.3933891318233843,0.0,0.3933891318233843,0.07867782636467686,0.0,0.0,0.3933891318233843,0.3933891318233843,0.07867782636467686
d00699f8-d69b-48db-bbfd-b4fae4980ce2,0.34534589856303294,0.30718820609784125,0.20479213739856084,0.0,0.30718820609784125,0.0,0.0,0.0,0.0,0.6143764121956825,0.0,0.20479213739856084,0.0,0.0,0.30718820609784125,0.20479213739856084,0.0,0.30718820609784125
d036c360-ef11-4234-9c03-abba6d6759b7,0.021088553144291658,0.6650421747642539,0.0,0.0,0.0,0.0,0.06650421747642539,0.06650421747642539,0.0,0.06650421747642539,0.0,0.0,0.0,0.06650421747642539,0.06650421747642539,0.0,0.0,0.7315463922406792
d12a98d5-487a-49ec-8535-3fd628711a6a,0.07533114122918755,0.0,0.03935470970879353,0.0,0.39354709708793534,0.1180641291263806,0.0,0.0,0.0,0.0,0.0,0.0,0.0,0.15741883883517413,0.0,0.7870941941758707,0.15741883883517413,0.39354709708793534
d1976154-eb96-46f3-a753-03c15f566305,0.25755230146783753,0.0,0.35236035637657526,0.35236035637657526,0.0,0.0,0.0,0.0,0.0,0.7047207127531505,0.0,0.0,0.0,0.0,0.21141621382594517,0.35236035637657526,0.0,0.1409441425506301
d1d28250-28b5-4a5a-b0bd-a975fca3a123,0.17301627326745012,0.0,0.0,0.0,0.0,0.16415316096599836,0.49245948289799507,0.0,0.0,0.49245948289799507,0.0,0.16415316096599836,0.0,0.0,0.6566126438639934,0.0,0.0,0.0
d2913213-3511-4172-b159-0ee754c0152c,0.29887187339321664,0.0,0.1066192132272386,0.0,0.03553973774241287,0.17769868871206435,0.3553973774241287,0.17769868871206435,0.17769868871206435,0.3198576396817158,0.0,0.17769868871206435,0.0,0.17769868871206435,0.2132384264544772,0.3553973774241287,0.46201659065136724,0.3553973774241287
d2b8ceb0-9873-4168-9752-bb269caec912,0.13865457059591305,0.5034185230163718,0.0,0.15102555690491154,0.0,0.0,0.0,0.0,0.0,0.15102555690491154,0.0,0.0,0.0,0.0,0.0,0.0,0.6544440799212833,0.5034185230163718
d311e6ac-b848-4b12-aad6-7dabf408a19d,0.1533836023617953,0.0,0.0,0.0,0.5102871010262148,0.0,0.0,0.2551435505131074,0.0,0.2551435505131074,0.0,0.5102871010262148,0.0,0.0,0.5102871010262148,0.2551435505131074,0.0,0.0
d463302a-ef74-4505-ba7b-46691a620067,0.45421678713320973,0.0,0.0,0.0,0.0,0.0,0.0,0.363704804818043,0.363704804818043,0.363704804818043,0.363704804818043,0.0,0.0,0.0,0.0,0.363704804818043,0.363704804818043,0.0
d4af9739-f848-4cc3-80c4-86398ba871e7,0.4073443800849935,0.3280579327306476,0.3280579327306476,0.0,0.0,0.1640289663653238,0.0,0.0,0.0,0.3280579327306476,0.1640289663653238,0.3280579327306476,0.0,0.0,0.0,0.0,0.49208689909597136,0.3280579327306476
d5677c67-57d8-43c5-ad4e-5c1d4c5d8976,0.2917771003104575,0.0,0.0,0.5522276474228182,0.0,0.0,0.0,0.0,0.0,0.5522276474228182,0.0,0.0,0.0,0.0,0.5522276474228182,0.0,0.0,0.0
d5e9fec6-dc04-4e64-ac16-7fc4b2429186,0.1821529073677848,0.0,0.0,0.20963391449440694,0.4192678289888139,0.0,0.0,0.0,0.20963391449440694,0.20963391449440694,0.20963391449440694,0.0,0.0,0.0,0.0,0.4192678289888139,0.6289017434832208,0.20963391449440694
d69f61f5-d507-4b32-a327-f07bbb974f11,0.33100292948373006,0.0,0.0,0.5448048765913623,0.0,0.0,0.0,0.0,0.0,0.5448048765913623,0.0,0.0,0.0,0.0,0.5448048765913623,0.0,0.0,0.0
d6d22168-927f-4cfb-bb5e-b2c036b06b93,0.19547612069026007,0.18873743139315183,0.0,0.0,0.0,0.0,0.37747486278630366,0.0,0.0,0.18873743139315183,0.0,0.0,0.18873743139315183,0.18873743139315183,0.18873743139315183,0.5662122941794555,0.0,0.5662122941794555
d6fdb0f0-79b2-48b4-a0a9-4413678c0087,0.5031784691155561,0.08993447844914122,0.0,0.0,0.32975975431351784,0.2997815948304708,0.0,0.1498907974152354,0.0,0.2997815948304708,0.2698034353474237,0.1498907974152354,0.0,0.1498907974152354,0.1498907974152354,0.0,0.2398252758643766,0.4796505517287532
d7240e25-4e8a-4992-90f0-eb69608ca5fb,0.13532023399249316,0.0,0.6819166451781699,0.0,0.0,0.0,0.0,0.0,0.0,0.2273055483927233,0.4546110967854466,0.0,0.0,0.0,0.4546110967854466,0.0,0.2273055483927233,0.0
d7e1a3c3-b264-4995-9418-5ef18aae8509,0.03378637286934369,0.0,0.6117069357449006,0.0,0.0,0.0,0.0,0.0,0.0,0.0,0.0,0.0,0.0,0.055609721431354606,0.5560972143135461,0.0,0.5560972143135461,0.055609721431354606
d84bb385-9f80-4961-a997-cae617d196f8,0.07443640832430784,0.0,0.0,0.0,0.0,0.0,0.0,0.0,0.26546843147645044,0.26546843147645044,0.0,0.0,0.0,0.0,0.26546843147645044,0.8848947715881682,0.0,0.0
d9bf2720-979c-4499-b258-1b5f31eb87df,0.1047214451811796,0.0,0.0,0.09659453375873603,0.09659453375873603,0.0,0.0,0.0,0.0,0.09659453375873603,0.0,0.0,0.09659453375873603,0.0,0.09659453375873603,0.9659453375873603,0.09659453375873603,0.0
dba5e18b-bb17-4428-a8f8-25e3dd4fe798,0.37735605633279934,0.2593509858524993,0.0,0.0,0.0,0.2593509858524993,0.0,0.38902647877874896,0.0,0.38902647877874896,0.2593509858524993,0.2593509858524993,0.0,0.0,0.38902647877874896,0.2593509858524993,0.2593509858524993,0.0
dd781e97-9f4c-43a5-a433-0b8846c1b4a0,0.09116945062751933,0.5749458325999869,0.0,0.0,0.0,0.0,0.0,0.0,0.0,0.5749458325999869,0.0,0.0,0.0,0.0,0.5749458325999869,0.0,0.0,0.0
dd7f8190-59d5-4a04-88f9-e603376a0ed5,0.264688409778191,0.0,0.0,0.6176680863655654,0.0,0.0,0.0,0.15441702159139134,0.0,0.46325106477417405,0.15441702159139134,0.0,0.0,0.15441702159139134,0.46325106477417405,0.0,0.15441702159139134,0.15441702159139134
de5232a9-2011-4ecc-b1d8-56c6882b0835,0.1471519986342918,0.0,0.0,0.02589516336052127,0.0,0.15537098016312761,0.284846796965734,0.2589516336052127,0.07768549008156381,0.2589516336052127,0.02589516336052127,0.0,0.0,0.0,0.5437984305709467,0.0,0.12947581680260636,0.6473790840130318
e088fd59-b787-40af-b5da-33537b42b7fb,0.3851494861740306,0.0,0.40162073953919214,0.0,0.24097244372351528,0.0,0.0,0.0,0.0,0.24097244372351528,0.0,0.0,0.40162073953919214,0.0,0.0,0.0,0.0,0.6425931832627074
e2c6e8a2-e1fc-4006-92e7-06217d73dc08,0.37389150555346234,0.0,0.2915484661427229,0.05830969322854458,0.0,0.0,0.11661938645708916,0.2915484661427229,0.0,0.46647754582835665,0.0,0.0,0.2915484661427229,0.0,0.0,0.0,0.17492907968563376,0.5830969322854458
e2fb928e-baf2-4a81-9f19-7ba38191932b,0.02484203321261556,0.0,0.0,0.5771720925876046,0.0,0.0,0.0,0.0,0.0,0.5771720925876046,0.0,0.0,0.0,0.0,0.5771720925876046,0.0,0.0,0.0
e3162d87-aacd-4922-ab97-880e975f8c12,0.44054099094326726,0.0,0.31198360915130297,0.0,0.0,0.0,0.0,0.0,0.49917377464208473,0.31198360915130297,0.0,0.31198360915130297,0.0,0.18719016549078177,0.31198360915130297,0.31198360915130297,0.0,0.18719016549078177
e339adbe-83bb-40ed-81b8-3db2be7e3e00,0.4301938967424913,0.2370702225669986,0.0,0.0,0.0,0.0,0.0,0.4741404451339972,0.0,0.4741404451339972,0.2370702225669986,0.0,0.0,0.0,0.0,0.3556053338504979,0.3556053338504979,0.0
e497027f-9b23-443f-91fc-18147b0e2e2e,0.38325038077870227,0.0,0.14790148710552278,0.0,0.29580297421104557,0.0,0.0,0.0,0.29580297421104557,0.5916059484220911,0.0,0.0,0.14790148710552278,0.0,0.0,0.0,0.4437044613165683,0.29580297421104557
e4a58473-e2f5-472e-b9b7-00fabe4321d9,0.24964248556012694,0.0,0.07222583302632747,0.0,0.0,0.0,0.39724208164480107,0.0,0.36112916513163734,0.6500324972369472,0.07222583302632747,0.0,0.1083387495394912,0.0,0.2889033321053099,0.18056458256581867,0.2889033321053099,0.07222583302632747
e56240bf-7976-4b58-a8f2-2d6a769e86e5,0.015506026233678583,0.0,0.0,0.0,0.0,0.0,0.0,0.0,0.26617494792039487,0.26617494792039487,0.0,0.0,0.0,0.0,0.26617494792039487,0.8872498264013161,0.0,0.0
e5e3678c-0d15-407c-925e-86c1233b3744,0.33216104129734686,0.6041460318097704,0.1510365079524426,0.0,0.0,0.0,0.0,0.0,0.0,0.1510365079524426,0.4531095238573278,0.0,0.0,0.1510365079524426,0.1510365079524426,0.4531095238573278,0.0,0.1510365079524426
e6420407-74d0-4228-abdf-979cdd16c55b,0.1419930858211975,0.0,0.2518784346529947,0.0,0.1679189564353298,0.0,0.0,0.0,0.0,0.2518784346529947,0.0,0.1679189564353298,0.0,0.0,0.839594782176649,0.1679189564353298,0.0,0.2518784346529947
e6b99ea3-7937-4a7a-80ce-a5ae4f576767,0.07827143048368627,0.0,0.0,0.13693915348769042,0.0,0.0,0.0,0.0,0.0,0.13693915348769042,0.0,0.0,0.0,0.0,0.6846957674384522,0.6846957674384522,0.0,0.13693915348769042
e75b9cbd-fd66-44fd-ac7b-69a6628c7ede,0.3186461763284549,0.0,0.0,0.0,0.0,0.438780277175406,0.0,0.0,0.14626009239180202,0.5850403695672081,0.0,0.0,0.0,0.0,0.5850403695672081,0.0,0.0,0.0
e8568390-a5f5-43c9-afc1-fc542ad07f00,0.5173887613148974,0.0,0.0,0.4234866558382567,0.0,0.0,0.0,0.0,0.3529055465318806,0.3529055465318806,0.21174332791912834,0.0,0.0,0.21174332791912834,0.21174332791912834,0.0,0.21174332791912834,0.3529055465318806
e87fe7bd-0b85-43f9-b6d9-6eaea7784520,0.1547222613414061,0.0,0.0,0.11808356737288105,0.0,0.0,0.7085014042372862,0.0,0.0,0.0,0.2361671347457621,0.0,0.0,0.0,0.0,0.5904178368644052,0.2361671347457621,0.0
e88f6ba7-fd74-45af-a302-76807c5f3d70,0.2656784662722027,0.0,0.0,0.0,0.0,0.0,0.556601279361103,0.0,0.0,0.556601279361103,0.0,0.0,0.0,0.0,0.556601279361103,0.0,0.0,0.0
e8b48264-8708-4ad0-b48f-d1b98864d6cc,0.25043908046611457,0.0,0.0,0.15502524748679067,0.0,0.0,0.465075742460372,0.0,0.15502524748679067,0.465075742460372,0.0,0.0,0.0,0.0,0.0,0.465075742460372,0.465075742460372,0.15502524748679067
e8d40b4e-360f-4a3d-b6d0-b989c714357a,0.2785883416976435,0.0,0.0,0.40051891034336445,0.0,0.0,0.0,0.20025945517168223,0.0,0.6007783655150467,0.0,0.0,0.0,0.0,0.0,0.0,0.6007783655150467,0.0
e8f4e8bc-967b-41df-a373-f97c9aef04bb,0.2552761654101718,0.0,0.0,0.0,0.0,0.0,0.0,0.0,0.558221604554284,0.0,0.558221604554284,0.0,0.0,0.0,0.0,0.0,0.558221604554284,0.0
ea13b230-02e1-40a7-8f94-6734539892ad,0.15474440460325745,0.0,0.2507789628826219,0.05015579257652438,0.0,0.5015579257652438,0.0,0.0,0.0,0.05015579257652438,0.0,0.0,0.0,0.2507789628826219,0.0,0.5015579257652438,0.5015579257652438,0.30093475545914633
eb471754-4e03-4124-b082-0911e41d3a5b,0.15261500790589957,0.0,0.0,0.0,0.5705870250195209,0.0,0.0,0.0,0.0,0.5705870250195209,0.0,0.0,0.0,0.0,0.0,0.5705870250195209,0.0,0.0
eb86e074-39fa-4205-9df8-1f604077dce9,0.24244587865871353,0.0,0.0,0.27170052659260413,0.0,0.40755078988890614,0.0,0.0,0.0,0.6792513164815103,0.0,0.0,0.0,0.0,0.0,0.40755078988890614,0.0,0.27170052659260413
ebd09290-2a28-48f9-87fe-5304a0a6706d,0.3436507084949091,0.3614588118641104,0.1807294059320552,0.0,0.1807294059320552,0.0,0.1807294059320552,0.0,0.0,0.0,0.3614588118641104,0.1807294059320552,0.0,0.0,0.5421882177961657,0.1807294059320552,0.1807294059320552,0.3614588118641104
ebd821e1-6ac5-4c18-bfbd-85a5e2bcb1c9,0.243443496922826,0.3637181552695944,0.0,0.0,0.0,0.0,0.0,0.0,0.3637181552695944,0.606196925449324,0.0,0.0,0.1212393850898648,0.0,0.4849575403594592,0.2424787701797296,0.0,0.0
ebe0d669-b488-4dc3-9561-fa44faf6e0bc,0.03207982741877839,0.0,0.7015011646998611,0.0,0.0,0.0,0.0,0.0,0.07015011646998612,0.0,0.07015011646998612,0.0,0.0,0.0,0.7015011646998611,0.0,0.07015011646998612,0.0
ec53ff88-1205-44bb-ace1-0365f640647e,0.3850721386404643,0.0,0.0,0.0,0.16314482140521452,0.0,0.0,0.0,0.48943446421564357,0.6525792856208581,0.0,0.0,0.0,0.0,0.16314482140521452,0.16314482140521452,0.32628964281042905,0.0
ec91b5c4-62e8-4d7b-992e-f3949aab51e5,0.2508617323668447,0.0,0.0,0.5588882986888363,0.0,0.0,0.0,0.0,0.0,0.5588882986888363,0.0,0.0,0.0,0.0,0.5588882986888363,0.0,0.0,0.0
ee046e7b-5805-4c25-a55e-f734f0b6b147,0.6408977970088547,0.0,0.13858688172814765,0.08315212903688858,0.13858688172814765,0.13858688172814765,0.13858688172814765,0.0,0.2771737634562953,0.36032589249318386,0.13858688172814765,0.13858688172814765,0.13858688172814765,0.13858688172814765,0.2771737634562953,0.13858688172814765,0.2771737634562953,0.22173901076503622
ee277640-9b20-4567-842c-c74302a1167d,0.2621440980795736,0.0,0.0,0.2491693496188281,0.0,0.4983386992376562,0.0,0.0,0.0,0.0,0.0,0.0,0.4983386992376562,0.2491693496188281,0.2491693496188281,0.4983386992376562,0.0,0.0
ee31b4b1-903c-44ef-9f08-2a03daa7dae2,0.2611305821490846,0.0,0.0,0.0,0.26772701640440805,0.0,0.5354540328088161,0.0,0.0,0.5354540328088161,0.0,0.26772701640440805,0.0,0.0,0.26772701640440805,0.26772701640440805,0.26772701640440805,0.0
ee65ff92-eae8-4691-8ef9-a76855c23f9d,0.2996932469218528,0.0,0.0,0.0,0.0,0.31801187220141425,0.0,0.0,0.42401582960188566,0.6360237444028285,0.0,0.10600395740047142,0.0,0.0,0.10600395740047142,0.31801187220141425,0.31801187220141425,0.0
eec60799-5e56-4c95-ab43-0b97163a366d,0.18365871534746564,0.0,0.0,0.0,0.0,0.0,0.0,0.0,0.5675295811018484,0.5675295811018484,0.0,0.0,0.0,0.0,0.0,0.5675295811018484,0.0,0.0
f1b8ae05-4151-4ba0-98fa-d0314aa04f9f,0.2254563671191373,0.0,0.0,0.0,0.0,0.0,0.5624853854473142,0.0,0.0,0.0,0.0,0.0,0.0,0.5624853854473142,0.0,0.0,0.0,0.5624853854473142
f1e6e609-849b-407d-a169-cb338d1a05e5,0.4238171996860432,0.369769969316574,0.0,0.0,0.369769969316574,0.0,0.0,0.0,0.0,0.369769969316574,0.369769969316574,0.0,0.0,0.0,0.369769969316574,0.0,0.0,0.369769969316574
f2bd203e-3bbb-4ba7-8988-39458876f2ed,0.39964242621829654,0.0,0.0,0.0,0.0,0.0,0.32409218039902504,0.0,0.32409218039902504,0.0,0.32409218039902504,0.0,0.32409218039902504,0.0,0.0,0.0,0.6481843607980501,0.0
f2da3477-523f-4b71-bafb-02291ad20381,0.328176991814539,0.0,0.0,0.0,0.0,0.0,0.0,0.5453744469150102,0.0,0.5453744469150102,0.0,0.0,0.0,0.0,0.0,0.0,0.5453744469150102,0.0
f37b2542-36ee-41e1-afd1-e1ff9c32d12d,0.418829195109754,0.0,0.29808695093052223,0.0,0.0,0.0,0.4173217313027311,0.0,0.0,0.5961739018610445,0.0,0.0,0.0,0.11923478037220889,0.29808695093052223,0.11923478037220889,0.29808695093052223,0.0
f405ca57-438c-439e-87b2-5becae4c7489,0.3473763910664104,0.0,0.0,0.0,0.0,0.5136135637606379,0.0,0.171204521253546,0.0,0.0,0.171204521253546,0.0,0.0,0.5136135637606379,0.0,0.5136135637606379,0.171204521253546,0.0
f411679e-b3c8-4c2d-9ffa-9dc2d92bc447,0.3207828680696841,0.0,0.35176370429946446,0.0,0.0,0.17588185214973223,0.17588185214973223,0.0,0.17588185214973223,0.35176370429946446,0.0,0.0,0.17588185214973223,0.0,0.17588185214973223,0.7035274085989289,0.0,0.0
f4263886-d811-44ab-bd50-de2767738d5a,0.24922952909293047,0.0,0.0,0.530438867871157,0.0,0.0,0.0,0.17681295595705235,0.0,0.17681295595705235,0.0,0.0,0.0,0.530438867871157,0.530438867871157,0.0,0.17681295595705235,0.0
f42dafa6-2a57-4e6f-8324-81a93ff08d2a,0.32367691858325554,0.0,0.0,0.5462701567223701,0.0,0.0,0.0,0.0,0.0,0.0,0.0,0.5462701567223701,0.0,0.0,0.0,0.5462701567223701,0.0,0.0
f674209f-261d-4405-8d88-a037355f5660,0.042868202089674214,0.0,0.0,0.08212393062570866,0.0,0.0,0.0,0.0,0.0,0.0,0.08212393062570866,0.0,0.0,0.0,0.0,0.0,0.4106196531285433,0.9033632368827953
f7abb3f6-e2a8-4cd2-82c9-bedf94f6f7f0,0.3584611120781858,0.0,0.0,0.5389822604154582,0.0,0.0,0.0,0.0,0.0,0.5389822604154582,0.0,0.0,0.0,0.0,0.0,0.5389822604154582,0.0,0.0
f7b1b5b4-d6e9-48a9-85f0-25408c0c6e03,0.36939859087143445,0.0,0.0,0.0,0.0,0.0,0.0,0.0,0.5365148898406575,0.5365148898406575,0.0,0.0,0.0,0.0,0.0,0.0,0.5365148898406575,0.0
f7bfb39d-4b80-4d4f-9fa6-bf72c335777f,0.26930153470815393,0.0,0.47678372090555615,0.0,0.0,0.0,0.0,0.0,0.2860702325433337,0.47678372090555615,0.0,0.0,0.2860702325433337,0.0,0.0,0.47678372090555615,0.0,0.2860702325433337
f7ece50b-c3a7-442d-85e0-0830ddf7a33f,0.3725119533408478,0.0,0.18200114587743524,0.18200114587743524,0.3640022917548705,0.0,0.0,0.0,0.0,0.5460034376323057,0.0,0.18200114587743524,0.0,0.0,0.5460034376323057,0.18200114587743524,0.0,0.0
f9076393-6135-436f-902d-a0aa29c0c4b1,0.13455581163009026,0.16314909843239878,0.0,0.16314909843239878,0.0,0.0,0.0,0.0,0.0,0.32629819686479755,0.0,0.0,0.0,0.0,0.16314909843239878,0.5438303281079959,0.0,0.7069794265403947
f9ae1a4a-246d-4412-9986-e7f901306cfe,0.15903211214299248,0.0,0.0,0.0,0.0,0.5700025693823197,0.0,0.0,0.0,0.5700025693823197,0.0,0.0,0.0,0.0,0.0,0.0,0.5700025693823197,0.0
f9d0c772-42f6-4f48-9c14-de0ad188da0f,0.2501732352655329,0.0,0.0,0.0,0.0,0.0,0.0,0.0,0.6663616913868524,0.4442411275912349,0.0,0.22212056379561745,0.0,0.0,0.22212056379561745,0.0,0.4442411275912349,0.0
fa46f086-a121-4855-a977-1878ea24d51b,0.5619398686375817,0.0,0.0,0.0,0.15165458142905797,0.15165458142905797,0.0,0.37913645357264486,0.0,0.5307910350017029,0.0,0.15165458142905797,0.0,0.0,0.15165458142905797,0.15165458142905797,0.0,0.37913645357264486
faad87a5-b3d5-4767-8f49-49d4fec09de6,0.4261235284255336,0.0,0.0,0.1333855753333312,0.0,0.0,0.0,0.2667711506666624,0.4001567259999936,0.1333855753333312,0.4001567259999936,0.0,0.2667711506666624,0.0,0.0,0.0,0.4001567259999936,0.4001567259999936
facf8ea3-5208-41b1-9170-46c1caa8d6a0,0.3689008230494307,0.0,0.0,0.46473438186598925,0.0,0.0,0.0,0.15491146062199643,0.0,0.6196458424879857,0.0,0.0,0.0,0.0,0.46473438186598925,0.0,0.15491146062199643,0.0
fb87315e-acf7-4538-9d01-b59552e10c7f,0.2812310519646794,0.0,0.0,0.2893423727588351,0.0,0.0,0.0,0.2893423727588351,0.2893423727588351,0.5786847455176702,0.2893423727588351,0.0,0.0,0.0,0.2893423727588351,0.0,0.2893423727588351,0.2893423727588351
fd0e1f7c-e18c-427f-9523-421e011ccf1f,0.21209748768609574,0.0,0.5642146919147139,0.0,0.0,0.0,0.0,0.0,0.0,0.0,0.0,0.0,0.5642146919147139,0.0,0.0,0.5642146919147139,0.0,0.0
fd54baa1-c072-40a0-9222-fc9b5a88ddc5,0.4792071117404988,0.18159780564795597,0.18159780564795597,0.18159780564795597,0.0,0.0,0.10895868338877358,0.29055648903672954,0.0,0.29055648903672954,0.18159780564795597,0.0,0.4721542946846855,0.0,0.18159780564795597,0.18159780564795597,0.29055648903672954,0.29055648903672954
fe027322-93c4-4512-9e6d-cad84bb06206,0.366135483228992,0.20306517929926232,0.40613035859852464,0.20306517929926232,0.20306517929926232,0.0,0.0,0.0,0.0,0.0,0.20306517929926232,0.20306517929926232,0.20306517929926232,0.0,0.20306517929926232,0.20306517929926232,0.6091955378977869,0.0
fec8e989-45db-4384-9b15-00acd8db0b62,0.023147828927281785,0.0,0.0,0.0,0.0,0.0,0.1889315993021164,0.0,0.0,0.1889315993021164,0.0,0.0,0.0,0.0,0.0,0.0,0.1889315993021164,0.944657996510582
ff6cd695-bb36-47d2-8a17-7b409f3ee793,0.3793741444869717,0.133603053977075,0.26720610795415,0.0,0.05344122159083,0.26720610795415,0.0,0.0,0.05344122159083,0.32064732954498,0.0,0.26720610795415,0.133603053977075,0.05344122159083,0.5344122159083,0.0,0.05344122159083,0.454250383522055
ffb76ede-9a4d-44e7-ba53-3d846fe19baf,0.1708118133172575,0.0,0.2811712538231599,0.0,0.0,0.0,0.0,0.11246850152926396,0.5623425076463198,0.2811712538231599,0.0,0.2811712538231599,0.39363975535242385,0.0,0.2811712538231599,0.2811712538231599,0.11246850152926396,0.2811712538231599
efc2a6d5-3690-473b-8f4b-192c3752fe09,0.0,0.0,0.0,0.0,0.0,0.0,0.0,0.0,0.0,0.0,0.0,0.0,0.0,0.0,0.0,1.0,0.0,0.0
d5f0b7d1-cb24-4324-b80f-0bc34d36ba7b,0.0,0.0,0.0,0.7071067811865475,0.0,0.0,0.0,0.0,0.0,0.0,0.0,0.0,0.0,0.0,0.0,0.0,0.7071067811865475,0.0
4753d4b7-8938-427f-a0f4-1ecf83818ca6,0.0,0.0,0.0,0.0,0.0,0.0,0.0,0.0,0.7071067811865475,0.0,0.0,0.0,0.0,0.0,0.7071067811865475,0.0,0.0,0.0
6be0495a-4ea6-47eb-a5ae-74c10ade10fc,0.0,0.0,0.0,0.408248290463863,0.0,0.0,0.0,0.0,0.0,0.0,0.0,0.0,0.0,0.0,0.0,0.408248290463863,0.0,0.816496580927726
242567ce-48d1-41d4-b995-5d845f65fd5a,0.0,0.0,0.0,0.5773502691896257,0.0,0.0,0.0,0.0,0.0,0.0,0.0,0.0,0.0,0.0,0.0,0.5773502691896257,0.5773502691896257,0.0
e1e63602-b6a4-412d-a78c-3676c1593c06,0.0,0.0,0.0,0.0,0.0,0.0,0.0,0.0,0.0,0.0,0.0,0.0,0.0,0.0,0.0,0.4472135954999579,0.8944271909999159,0.0
d4aa6402-0875-471e-9f66-bb350b495095,0.0,0.0,0.0,0.0,0.0,0.0,0.0,0.7071067811865475,0.0,0.0,0.0,0.0,0.0,0.0,0.7071067811865475,0.0,0.0,0.0
5465f2c4-47c1-43bc-8b59-fea255f1d614,0.0,0.0,0.0,0.0,0.0,0.0,0.0,0.0,0.0,0.0,0.0,0.0,0.0,0.0,0.7071067811865475,0.7071067811865475,0.0,0.0
c88ca030-39c6-4b42-ac02-eac6ec79d4f4,0.0,0.0,0.0,0.0,0.0,0.7071067811865475,0.0,0.0,0.0,0.0,0.0,0.0,0.0,0.0,0.0,0.0,0.0,0.7071067811865475
a0b1c566-11cd-4193-8df6-2b4168218add,0.0,0.0,0.0,1.0,0.0,0.0,0.0,0.0,0.0,0.0,0.0,0.0,0.0,0.0,0.0,0.0,0.0,0.0
7719d216-46f7-46a9-8a78-da7584961a6c,0.0,0.0,0.0,0.0,0.0,0.0,0.0,0.0,0.0,0.0,0.0,0.0,0.0,0.0,0.0,0.0,0.0,0.0
77ca97ac-77d8-40fa-8e98-7a607092e167,0.0,0.0,0.0,0.0,0.0,0.0,0.0,0.0,0.0,0.0,0.0,0.0,0.0,0.0,0.0,0.7071067811865475,0.7071067811865475,0.0
b5aa486b-ce8a-4bd2-89de-e94e4a1de510,0.0,0.0,0.0,0.0,0.0,0.0,0.0,0.0,0.0,0.0,0.0,0.0,0.0,0.0,0.0,0.0,0.0,1.0
a610ce1a-e836-471e-b7ed-2b19dd24c595,0.0,0.0,0.0,0.0,0.0,0.0,0.0,0.0,0.0,0.0,0.0,0.0,0.0,0.0,0.0,1.0,0.0,0.0
6e1a5a71-1f25-4bbc-920e-6e8c292b33b7,0.0,0.0,0.0,0.0,0.0,0.0,0.7071067811865475,0.0,0.0,0.0,0.0,0.0,0.0,0.0,0.0,0.7071067811865475,0.0,0.0
27be4499-705d-415a-8264-80523691ed61,0.0,0.0,0.0,0.0,0.0,0.0,0.0,0.0,0.0,0.0,0.0,0.0,0.0,0.0,0.0,0.7071067811865475,0.7071067811865475,0.0
5c386207-3ced-4e24-a7b7-248b81bca7b2,0.0,0.0,0.0,0.7071067811865475,0.0,0.0,0.0,0.0,0.0,0.0,0.0,0.0,0.0,0.0,0.0,0.7071067811865475,0.0,0.0
d57258b9-d329-4282-8b23-38f5d77a7a8e,0.0,0.0,0.0,0.0,0.0,0.0,0.0,0.0,0.0,0.0,0.0,0.0,0.0,0.0,0.0,1.0,0.0,0.0
94191bdc-3000-46ae-a5e1-ab8c1dc692d1,0.0,0.0,0.0,0.0,0.0,0.0,0.0,0.0,0.5773502691896257,0.0,0.0,0.0,0.0,0.0,0.5773502691896257,0.0,0.0,0.5773502691896257
6c14332e-e025-498c-8bb7-d7679ea65a48,0.0,0.0,0.0,0.0,0.0,0.0,0.0,0.0,0.0,0.0,0.0,0.0,0.0,0.0,0.7071067811865475,0.0,0.0,0.7071067811865475
68c76bef-5ac6-4163-a583-cd4d0fc823e4,0.0,0.0,0.0,0.0,0.0,0.0,0.0,0.7071067811865475,0.0,0.0,0.0,0.0,0.0,0.0,0.0,0.7071067811865475,0.0,0.0
9f79eb75-4f52-4662-8fba-651a66387137,0.0,0.0,0.0,0.0,0.0,0.0,0.0,0.0,0.0,0.0,0.0,0.0,0.0,0.0,0.0,0.0,0.0,0.0
